{"name": "perturbaciones", "ref": {"z": {"trajectory": "stop", "params": -0.1}, "x": {"trajectory": "stop", "params": 0.0}, "y": {"trajectory": "stop", "params": 0.0}, "r": {"trajectory": "stop", "params": 0.0}}, "ctrls": {"DSLPID": {"Stable": false, "x": {"Ts": 14.904166666666665, "Ys": 0.0006539329496450199, "Os": 0.2545897428684274, "Tp": 6.208333333333334, "y_max": 0.002545897428684274, "Tr": 0.0, "Tr_i": -5.0, "Tr_f": -5.0, "e_ss_abs": 0.0006539329496450199, "e_ss": 100.0, "iste": 72.89410927655213, "mse": 1.6443561877500136e-05, "Ts_norm": 1.0, "Os_norm": 1.0, "iste_norm": 1.0, "Total_ax": 1.0}, "y": {"Ts": 14.904166666666665, "Ys": 0.0006262884224820541, "Os": 0.2672138590108508, "Tp": 6.2041666666666675, "y_max": 0.002672138590108508, "Tr": 0.0, "Tr_i": -5.0, "Tr_f": -5.0, "e_ss_abs": 0.0006262884224820541, "e_ss": 100.0, "iste": 70.24566675148746, "mse": 1.533765949126703e-05, "Ts_norm": 1.0, "Os_norm": 1.0, "iste_norm": 1.0, "Total_ax": 1.0}, "z": {"Ts": 6.058333333333334, "Ys": 0.9911055130977479, "Os": 0.15679724808637108, "Tp": 8.2, "y_max": 1.0015679724808637, "Tr": 0.0, "Tr_i": -5.0, "Tr_f": -5.0, "e_ss_abs": 0.008894486902252141, "e_ss": 0.8974308774100141, "iste": 145.1743339583152, "mse": 9.852830320837172e-05, "Ts_norm": 1.0, "Os_norm": 1.0, "iste_norm": 1.0, "Total_ax": 1.0}, "r": {"Ts": 13.783333333333335, "Ys": -2.4902093424690327e-05, "Os": 10.000000000000009, "Tp": 5.0, "y_max": 0.10000000000000009, "Tr": 0.0, "Tr_i": -5.0, "Tr_f": -5.0, "e_ss_abs": 2.4902093424690327e-05, "e_ss": 100.0, "iste": 71.2890830826413, "mse": 9.406758775511578e-05, "Ts_norm": 1.0, "Os_norm": 1.0, "iste_norm": 1.0, "Total_ax": 1.0}, "Q": 158833.29698726375, "Total": 1.0}, "LSTM": {"path": "../Models/LSTM/Dataset_Final_LSTM_0.h5", "Stable": false, "x": {"Ts": 14.991666666666667, "Ys": 0.003901795949950346, "Os": 40.47278514194202, "Tp": 7.0, "y_max": 0.005823103511853672, "Tr": 0.31666666666666665, "Tr_i": -4.691666666666666, "Tr_f": -4.375, "e_ss_abs": 0.003901795949950346, "e_ss": 100.0, "iste": 166.38143651217783, "mse": 2.7411218498232405e-05, "Ts_norm": 1.00587084148728, "Os_norm": 158.97256773167982, "iste_norm": 2.282508671324115, "Total_ax": 54.0869824148304}, "y": {"Ts": 14.991666666666667, "Ys": 0.004620877422243685, "Os": 51.71050865449217, "Tp": 13.908333333333335, "y_max": 0.007489069612477331, "Tr": 4.791666666666667, "Tr_i": -4.608333333333333, "Tr_f": 0.18333333333333357, "e_ss_abs": 0.004620877422243685, "e_ss": 100.0, "iste": 175.32779179248288, "mse": 1.9461152964340198e-05, "Ts_norm": 1.00587084148728, "Os_norm": 193.51731547873177, "iste_norm": 2.4959232348487927, "Total_ax": 65.67303651835594}, "z": {"Ts": 9.9125, "Ys": 1.0876252071359136, "Os": 10.17644650978129, "Tp": -2.120833333333333, "y_max": 1.101764465097813, "Tr": 0.0, "Tr_i": -5.0, "Tr_f": -5.0, "e_ss_abs": 0.0876252071359136, "e_ss": 8.056562735122746, "iste": 3614.8800803534295, "mse": 0.0059152813815959064, "Ts_norm": 1.636176066024759, "Os_norm": 64.90194588221114, "iste_norm": 24.900269777654998, "Total_ax": 30.479463908630297}, "r": {"Ts": 14.958333333333332, "Ys": -0.016233383919424672, "Os": 697.0284880077934, "Tp": 5.0, "y_max": 0.09808397577571208, "Tr": 9.770833333333334, "Tr_i": -4.770833333333333, "Tr_f": 5.0, "e_ss_abs": 0.016233383919424672, "e_ss": 100.0, "iste": 453.5967540188066, "mse": 0.0001840986759025611, "Ts_norm": 1.0852478839177748, "Os_norm": 69.70284880077928, "iste_norm": 6.362780027525087, "Total_ax": 25.716958904074048}, "Q": 183456.64604312956, "Total": 54.0869824148304}}}