{"name": "Window", "ref": {}, "ctrls": {"DSLPID": {"Stable": false, "x": {"Ts": 13.904166666666665, "Ys": -0.0023389487578324387, "Os": 4668.517203675671, "Tp": 1.9375, "y_max": 0.10579012682513766, "Tr": 0.0625, "Tr_i": 0.10416666666666696, "Tr_f": 0.16666666666666696, "e_ss_abs": 0.0023389487578324387, "e_ss": 100.0, "iste": 3719.874196962713, "mse": 0.00038969865321826085, "Ts_norm": 1.0, "Os_norm": 1.0, "iste_norm": 1.0, "Total_ax": 1.0}, "y": {"Ts": 13.904166666666665, "Ys": -0.002440613135040537, "Os": 4477.111951196388, "Tp": 1.9249999999999998, "y_max": 0.10576379798769646, "Tr": 0.0625, "Tr_i": 0.10416666666666696, "Tr_f": 0.16666666666666696, "e_ss_abs": 0.002440613135040537, "e_ss": 100.0, "iste": 3758.376821853989, "mse": 0.0003902210634534733, "Ts_norm": 1.0, "Os_norm": 1.0, "iste_norm": 1.0, "Total_ax": 1.0}, "z": {"Ts": 8.854166666666666, "Ys": 1.0097603823810362, "Os": 10.152725741824886, "Tp": 3.0166666666666675, "y_max": 1.1015272574182489, "Tr": 0.0, "Tr_i": -6.0, "Tr_f": -6.0, "e_ss_abs": 0.009760382381036159, "e_ss": 0.9666038152557513, "iste": 201.73997103368472, "mse": 0.00022134170976203878, "Ts_norm": 1.0, "Os_norm": 1.0, "iste_norm": 1.0, "Total_ax": 1.0}, "r": {"Ts": 12.783333333333335, "Ys": -3.068488809647374e-05, "Os": 10.01012795663021, "Tp": 2.8083333333333336, "y_max": 0.1001012795663021, "Tr": 0.0, "Tr_i": -6.0, "Tr_f": -6.0, "e_ss_abs": 3.068488809647374e-05, "e_ss": 100.0, "iste": 697.5523270267233, "mse": 8.253842807784674e-05, "Ts_norm": 1.0, "Os_norm": 1.0, "iste_norm": 1.0, "Total_ax": 1.0}, "Q": 103731.35372734228, "Total": 1.0}, "LSTMCNN_8": {"path": "../Models/LSTMCNN/Dataset_Final_LSTMCNN_Tuner_4.h5", "Stable": false, "x": {"Ts": 10.5125, "Ys": -0.005688203238087004, "Os": 1771.2998483365664, "Tp": 5.004166666666666, "y_max": 0.0960288439657288, "Tr": 0.5875, "Tr_i": -5.754166666666666, "Tr_f": -5.166666666666667, "e_ss_abs": 0.005688203238087004, "e_ss": 100.0, "iste": 4346.544401224167, "mse": 0.00039681779034290537, "Ts_norm": 0.7560683248426731, "Os_norm": 0.3794137990842073, "iste_norm": 1.1684654294957426, "Total_ax": 0.767982517807541}, "y": {"Ts": 11.358333333333334, "Ys": 0.0024433299882677833, "Os": 4326.33905093674, "Tp": 5.845833333333333, "y_max": 0.10925659637515049, "Tr": 0.5375, "Tr_i": -5.783333333333333, "Tr_f": -5.245833333333334, "e_ss_abs": 0.0024433299882677833, "e_ss": 100.0, "iste": 4747.825185483815, "mse": 0.00041420417982922074, "Ts_norm": 0.8169014084507044, "Os_norm": 0.9663236251621187, "iste_norm": 1.2632648109887332, "Total_ax": 1.0154966148671853}, "z": {"Ts": 9.2, "Ys": 1.070852728338695, "Os": 13.05177047192203, "Tp": 5.629166666666666, "y_max": 1.1305177047192203, "Tr": 0.0, "Tr_i": -6.0, "Tr_f": -6.0, "e_ss_abs": 0.07085272833869505, "e_ss": 6.616477360861276, "iste": 2118.985971843274, "mse": 0.002173401553075772, "Ts_norm": 1.0390588235294118, "Os_norm": 1.2855434888932653, "iste_norm": 10.503550491188802, "Total_ax": 4.276050934537159}, "r": {"Ts": 12.641666666666666, "Ys": -0.005359241321653851, "Os": 2451.4465795428605, "Tp": 0.833333333333333, "y_max": 0.1272962123708856, "Tr": 0.06250000000000001, "Tr_i": -5.925, "Tr_f": -5.8625, "e_ss_abs": 0.005359241321653851, "e_ss": 100.0, "iste": 5714.281276492302, "mse": 0.00033219213238743547, "Ts_norm": 0.9889178617992175, "Os_norm": 244.896627711851, "iste_norm": 8.191903395762576, "Total_ax": 84.69248298980426}, "Q": 387099.2773498157, "Total": 22.688003264254036}, "LSTMCNN_16": {"path": "../Models/LSTMCNN/Dataset_Final_LSTMCNN_Tuner_4.h5", "Stable": false, "x": {"Ts": 12.7625, "Ys": -0.01911628203485036, "Os": 602.7816490296887, "Tp": 0.9708333333333332, "y_max": 0.09515841798330445, "Tr": 1.2625000000000002, "Tr_i": -5.654166666666667, "Tr_f": -4.391666666666667, "e_ss_abs": 0.01911628203485036, "e_ss": 100.0, "iste": 9627.39727142344, "mse": 0.0006631941005058088, "Ts_norm": 0.917890320647288, "Os_norm": 0.12911629597404067, "iste_norm": 2.5880975435363474, "Total_ax": 1.2117013867192252}, "y": {"Ts": 13.333333333333332, "Ys": -0.007438930154153197, "Os": 1542.0484052781203, "Tp": 0.9416666666666664, "y_max": 0.1062046546810727, "Tr": 1.6958333333333333, "Tr_i": -5.658333333333333, "Tr_f": -3.9625, "e_ss_abs": 0.007438930154153197, "e_ss": 100.0, "iste": 4981.3767334371405, "mse": 0.00042633792610063064, "Ts_norm": 0.9589451603236441, "Os_norm": 0.3444292709424095, "iste_norm": 1.3254064106801966, "Total_ax": 0.8762602806487501}, "z": {"Ts": 9.3375, "Ys": 1.026782212798611, "Os": 10.965253541394283, "Tp": 2.0749999999999993, "y_max": 1.1096525354139428, "Tr": 0.0, "Tr_i": -6.0, "Tr_f": -6.0, "e_ss_abs": 0.026782212798611038, "e_ss": 2.6083635326729206, "iste": 671.9847750592725, "mse": 0.0004738497079031624, "Ts_norm": 1.0545882352941178, "Os_norm": 1.080030508085344, "iste_norm": 3.330945135047484, "Total_ax": 1.8218546261423152}, "r": {"Ts": 13.304166666666667, "Ys": -0.02770038865062796, "Os": 478.5407521836665, "Tp": 0.8583333333333334, "y_max": 0.10381273324517137, "Tr": 1.4833333333333332, "Tr_i": -5.8375, "Tr_f": -4.354166666666667, "e_ss_abs": 0.02770038865062796, "e_ss": 100.0, "iste": 15158.762002376336, "mse": 0.0010574585450653985, "Ts_norm": 1.0407431551499347, "Os_norm": 47.80565785542281, "iste_norm": 21.7313618133706, "Total_ax": 23.525920941314446}, "Q": 68955.61458976349, "Total": 6.858934308706184}, "LSTMCNN_32": {"path": "../Models/LSTMCNN/Dataset_Final_LSTMCNN_Tuner_4.h5", "Stable": false, "x": {"Ts": 13.295833333333334, "Ys": 0.0046191387711022715, "Os": 2263.6782007196966, "Tp": 2.0124999999999993, "y_max": 0.10809975930942314, "Tr": 1.4958333333333333, "Tr_i": -5.675, "Tr_f": -4.179166666666667, "e_ss_abs": 0.0046191387711022715, "e_ss": 100.0, "iste": 4598.973969466448, "mse": 0.0004188114471076663, "Ts_norm": 0.9562481270602339, "Os_norm": 0.48488162342797647, "iste_norm": 1.236325135194497, "Total_ax": 0.8924849618942359}, "y": {"Ts": 13.9375, "Ys": -0.00047097675573862957, "Os": 10.752542618457085, "Tp": 1.9333333333333336, "y_max": 0.10752542618457084, "Tr": 0.0, "Tr_i": -6.0, "Tr_f": -6.0, "e_ss_abs": 0.00047097675573862957, "e_ss": 100.0, "iste": 3377.6685838425446, "mse": 0.0004027594017823418, "Ts_norm": 1.0023973629008092, "Os_norm": 0.0024016693653558865, "iste_norm": 0.898704079964062, "Total_ax": 0.6345010374100757}, "z": {"Ts": 11.850000000000001, "Ys": 1.0295249418304133, "Os": 12.80142051230655, "Tp": 3.5875000000000004, "y_max": 1.1280142051230655, "Tr": 0.0, "Tr_i": -6.0, "Tr_f": -6.0, "e_ss_abs": 0.02952494183041332, "e_ss": 2.8678219080268543, "iste": 1459.7760334490988, "mse": 0.0012580835757798792, "Ts_norm": 1.3383529411764707, "Os_norm": 1.2608850901556587, "iste_norm": 7.235928636102354, "Total_ax": 3.2783888891448276}, "r": {"Ts": 12.850000000000001, "Ys": -0.024725254729641814, "Os": 499.5501652855751, "Tp": 0.5291666666666668, "y_max": 0.0997934986111806, "Tr": 0.2833333333333333, "Tr_i": -5.8875, "Tr_f": -5.604166666666667, "e_ss_abs": 0.024725254729641814, "e_ss": 100.0, "iste": 14143.705498656433, "mse": 0.000919453121607277, "Ts_norm": 1.0052151238591915, "Os_norm": 49.904473494237195, "iste_norm": 20.276192839816282, "Total_ax": 23.728627152637557}, "Q": 73651.27331322775, "Total": 7.1335005102716735}, "LSTMCNN_64": {"path": "../Models/LSTMCNN/Dataset_Final_LSTMCNN_Tuner_4.h5", "Stable": false, "x": {"Ts": 12.866666666666667, "Ys": 0.006089565722382711, "Os": 1702.2649727959492, "Tp": 2.0, "y_max": 0.10865758338525186, "Tr": 0.29583333333333334, "Tr_i": -5.7, "Tr_f": -5.404166666666667, "e_ss_abs": 0.006089565722382711, "e_ss": 100.0, "iste": 5027.219318898191, "mse": 0.0004317738674246415, "Ts_norm": 0.9253820797123166, "Os_norm": 0.3646264752876357, "iste_norm": 1.3514487460363387, "Total_ax": 0.8804857670120969}, "y": {"Ts": 13.945833333333333, "Ys": -0.00038759583623573806, "Os": 10.732781119376922, "Tp": 1.9333333333333336, "y_max": 0.10732781119376922, "Tr": 0.0, "Tr_i": -6.0, "Tr_f": -6.0, "e_ss_abs": 0.00038759583623573806, "e_ss": 100.0,