{"name": "escal\u00f3n xyzr", "ref": {"z": {"trajectory": "stop", "params": 0.0}, "x": {"trajectory": "stop", "params": 0.0}, "y": {"trajectory": "stop", "params": 0.0}, "r": {"trajectory": "stop", "params": 0.0}}, "ctrls": {"DSLPID": {"Stable": false, "x": {"Ts": 14.779166666666665, "Ys": 0.004367689774488173, "Os": 42.28443262955738, "Tp": 13.358333333333334, "y_max": 0.006149438945898058, "Tr": 0.09583333333333321, "Tr_i": -1.9916666666666667, "Tr_f": -1.8958333333333335, "e_ss_abs": 0.004367689774488173, "e_ss": 100.0, "iste": 288.8533350645233, "mse": 7.430089335042935e-05, "Ts_norm": 1.0, "Os_norm": 1.0, "iste_norm": 1.0, "Total_ax": 1.0}, "y": {"Ts": 14.774999999999999, "Ys": 0.004167657273967759, "Os": 47.332064914472646, "Tp": 13.350000000000001, "y_max": 0.006077058734157275, "Tr": 0.09166666666666679, "Tr_i": -1.9916666666666667, "Tr_f": -1.9, "e_ss_abs": 0.004167657273967759, "e_ss": 100.0, "iste": 278.2202865758328, "mse": 6.902591347397806e-05, "Ts_norm": 1.0, "Os_norm": 1.0, "iste_norm": 1.0, "Total_ax": 1.0}, "z": {"Ts": 13.175, "Ys": 0.9955740613134764, "Os": 0.5735586255652292, "Tp": 12.037500000000001, "y_max": 1.0057355862556523, "Tr": 0.0, "Tr_i": -5.0, "Tr_f": -5.0, "e_ss_abs": 0.004425938686523634, "e_ss": 0.44456147046302347, "iste": 608.7515212064602, "mse": 0.0004732903699112391, "Ts_norm": 1.0, "Os_norm": 1.0, "iste_norm": 1.0, "Total_ax": 1.0}, "r": {"Ts": 14.629166666666666, "Ys": -0.00014550285071638863, "Os": 10.000000000000009, "Tp": -2.1416666666666666, "y_max": 0.10000000000000009, "Tr": 0.0, "Tr_i": -5.0, "Tr_f": -5.0, "e_ss_abs": 0.00014550285071638863, "e_ss": 100.0, "iste": 430.5667073662658, "mse": 0.0005778776548957074, "Ts_norm": 1.0, "Os_norm": 1.0, "iste_norm": 1.0, "Total_ax": 1.0}, "Q": 732405.968294767, "Total": 1.0}, "LSTMCNN": {"path": "../Models/LSTMCNN/Dataset_Final_LSTMCNN_Tuner_4.h5", "Stable": false, "x": {"Ts": 14.787500000000001, "Ys": 0.005358274465006557, "Os": 39.83361369833391, "Tp": -4.158333333333333, "y_max": 0.007416592702337109, "Tr": 0.26666666666666666, "Tr_i": -4.708333333333333, "Tr_f": -4.441666666666666, "e_ss_abs": 0.005358274465006557, "e_ss": 100.0, "iste": 330.5006690424427, "mse": 9.477207187939877e-05, "Ts_norm": 1.000563856780378, "Os_norm": 0.9420396874496476, "iste_norm": 1.1441815929479102, "Total_ax": 1.0289283790593118}, "y": {"Ts": 14.991666666666667, "Ys": -0.0009805622132734448, "Os": 0.9054184468119564, "Tp": 7.6, "y_max": 0.009054184468119564, "Tr": 0.0, "Tr_i": -5.0, "Tr_f": -5.0, "e_ss_abs": 0.0009805622132734448, "e_ss": 100.0, "iste": 217.9004723262467, "mse": 4.601103697535135e-05, "Ts_norm": 1.014664410603497, "Os_norm": 0.019129071348313563, "iste_norm": 0.7831940474507955, "Total_ax": 0.6056625098008687}, "z": {"Ts": 14.054166666666667, "Ys": 1.0253117542768302, "Os": 3.7820736278087352, "Tp": -2.125, "y_max": 1.0378207362780874, "Tr": 0.0, "Tr_i": -5.0, "Tr_f": -5.0, "e_ss_abs": 0.02531175427683019, "e_ss": 2.468688588738847, "iste": 1221.0790835511232, "mse": 0.0008188585576554481, "Ts_norm": 1.066729917773561, "Os_norm": 6.594048906651149, "iste_norm": 2.0058743855475147, "Total_ax": 3.222217736657408}, "r": {"Ts": 14.787500000000001, "Ys": -0.025124936596833763, "Os": 395.9500401170377, "Tp": -2.1416666666666666, "y_max": 0.07513978467892615, "Tr": 0.22916666666666669, "Tr_i": -4.8875, "Tr_f": -4.658333333333333, "e_ss_abs": 0.025124936596833763, "e_ss": 100.0, "iste": 1275.794019225852, "mse": 0.0010597885132583148, "Ts_norm": 1.0108231273141557, "Os_norm": 39.595004011703736, "iste_norm": 2.9630577501678164, "Total_ax": 14.522961629728567}, "Q": 649871.6721735611, "Total": 4.844942563811539}}}