{"name": "escalon z", "ref": {"z": {"trajectory": "step", "params": 2}, "x": {"trajectory": "step", "params": 0}, "y": {"trajectory": "step", "params": 0}, "r": {"trajectory": "step", "params": 0}}, "ctrls": {"DSLPID": {"Stable": false, "x": {"Ts": 14.979166666666668, "Ys": 0.0, "Os": 0.0, "Tp": -5.0, "y_max": 0.0, "Tr": 0.0, "Tr_i": -5.0, "Tr_f": -5.0, "e_ss_abs": 0.0, "e_ss": NaN, "iste": 0.0, "mse": 0.0, "Ts_norm": 1.0, "Os_norm": NaN, "iste_norm": NaN, "Total_ax": NaN}, "y": {"Ts": 14.979166666666668, "Ys": 0.0, "Os": 0.0, "Tp": -5.0, "y_max": 0.0, "Tr": 0.0, "Tr_i": -5.0, "Tr_f": -5.0, "e_ss_abs": 0.0, "e_ss": NaN, "iste": 0.0, "mse": 0.0, "Ts_norm": 1.0, "Os_norm": NaN, "iste_norm": NaN, "Total_ax": NaN}, "z": {"Ts": 1.604166666666667, "Ys": 2.973441725426143, "Os": 0.1911992711998896, "Tp": 3.6833333333333336, "y_max": 3.0057359781359967, "Tr": 5.841666666666667, "Tr_i": -5.0, "Tr_f": 0.8416666666666668, "e_ss_abs": 0.026558274573857066, "e_ss": 0.8931829518216244, "iste": 507.0797313553579, "mse": 0.06843017744712064, "Ts_norm": 1.0, "Os_norm": 1.0, "iste_norm": 1.0, "Total_ax": 1.0}, "r": {"Ts": 14.979166666666668, "Ys": 0.0, "Os": 0.0, "Tp": -5.0, "y_max": 0.0, "Tr": 0.0, "Tr_i": -5.0, "Tr_f": -5.0, "e_ss_abs": 0.0, "e_ss": NaN, "iste": 0.0, "mse": 0.0, "Ts_norm": 1.0, "Os_norm": NaN, "iste_norm": NaN, "Total_ax": NaN}, "Q": 1355461.546758311, "Total": NaN}, "LSTMCNN": {"path": "../Models/LSTMCNN/Dataset_Final_LSTMCNN_Tuner_4.h5", "Stable": false, "x": {"Ts": 7.033333333333333, "Ys": 0.011905591664108204, "Os": 0.11022736445028253, "Tp": 8.904166666666667, "y_max": 0.01203987813387518, "Tr": 8.670833333333334, "Tr_i": -4.645833333333333, "Tr_f": 4.025, "e_ss_abs": 0.011905591664108204, "e_ss": 100.0, "iste": 535.5206861161964, "mse": 0.00010228808847074433, "Ts_norm": 0.46954102920723223, "Os_norm": Infinity, "iste_norm": Infinity, "Total_ax": Infinity}, "y": {"Ts": 6.866666666666667, "Ys": 0.005798176247092481, "Os": 231.4812915349387, "Tp": 1.020833333333333, "y_max": 0.019028486073502788, "Tr": 5.358333333333333, "Tr_i": -4.666666666666667, "Tr_f": 0.6916666666666664, "e_ss_abs": 0.005798176247092481, "e_ss": 100.0, "iste": 267.1498681976478, "mse": 3.1619840125505354e-05, "Ts_norm": 0.4584144645340751, "Os_norm": Infinity, "iste_norm": Infinity, "Total_ax": Infinity}, "z": {"Ts": 3.654166666666667, "Ys": 3.0328954892300364, "Os": 2.1823440518608335, "Tp": 6.2958333333333325, "y_max": 3.065470321555825, "Tr": 6.633333333333334, "Tr_i": -5.0, "Tr_f": 1.6333333333333337, "e_ss_abs": 0.03289548923003638, "e_ss": 1.0846232369974471, "iste": 1635.9064414655666, "mse": 0.09769981087072155, "Ts_norm": 2.2779220779220775, "Os_norm": 11.413976832470759, "iste_norm": 3.226132578979251, "Total_ax": 5.639343829790695}, "r": {"Ts": 6.033333333333333, "Ys": -0.024129254448379878, "Os": 181.43363655528725, "Tp": 1.1708333333333334, "y_max": 0.019849115806370454, "Tr": 0.22083333333333333, "Tr_i": -4.8875, "Tr_f": -4.666666666666667, "e_ss_abs": 0.024129254448379878, "e_ss": 100.0, "iste": 1144.4977860341598, "mse": 0.0006069539763363061, "Ts_norm": 0.40278164116828924, "Os_norm": Infinity, "iste_norm": Infinity, "Total_ax": Infinity}, "Q": 593328.7256506027, "Total": Infinity}}}