{"name": "escalon", "ref": {"z": {"trajectory": "step", "params": 0.1}, "x": {"trajectory": "step", "params": 0.1}, "y": {"trajectory": "step", "params": 0.1}, "r": {"trajectory": "step", "params": 0.1}}, "ctrls": {"DSLPID": {"Stable": false, "x": {"Ts": 10.1625, "Ys": 0.10213082605223915, "Os": 5.791515985580545, "Tp": 1.9375, "y_max": 0.10579151598558055, "Tr": 0.4791666666666661, "Tr_i": 0.2625000000000002, "Tr_f": 0.7416666666666663, "e_ss_abs": 0.002130826052239146, "e_ss": 2.0863691547439793, "iste": 1742.1517985785383, "mse": 0.00019302385445447518, "Ts_norm": 1.0, "Os_norm": 1.0, "iste_norm": 1.0, "Total_ax": 1.0}, "y": {"Ts": 10.116666666666667, "Ys": 0.10211575155072712, "Os": 5.7651430580518275, "Tp": 1.9249999999999998, "y_max": 0.10576514305805183, "Tr": 0.4708333333333332, "Tr_i": 0.25833333333333375, "Tr_f": 0.729166666666667, "e_ss_abs": 0.0021157515507271157, "e_ss": 2.071914977461722, "iste": 1719.6931491376642, "mse": 0.00019073119247447508, "Ts_norm": 1.0, "Os_norm": 1.0, "iste_norm": 1.0, "Total_ax": 1.0}, "z": {"Ts": 0.8208333333333337, "Ys": 1.0898998894950234, "Os": 0.13487886388647233, "Tp": 3.0250000000000004, "y_max": 1.1014836675027513, "Tr": 0.0, "Tr_i": -5.0, "Tr_f": -5.0, "e_ss_abs": 0.010100110504976723, "e_ss": 0.92670075502589, "iste": 88.47623353029175, "mse": 0.00010808418423395205, "Ts_norm": 1.0, "Os_norm": 1.0, "iste_norm": 1.0, "Total_ax": 1.0}, "r": {"Ts": 0.9541666666666666, "Ys": 0.09908365687792198, "Os": 0.10093928412026332, "Tp": 2.5541666666666663, "y_max": 0.10010093928412027, "Tr": 0.25833333333333286, "Tr_i": 0.05833333333333357, "Tr_f": 0.31666666666666643, "e_ss_abs": 0.0009163431220780283, "e_ss": 0.924817624774414, "iste": 229.7755999471504, "mse": 4.129061298952315e-05, "Ts_norm": 1.0, "Os_norm": 1.0, "iste_norm": 1.0, "Total_ax": 1.0}, "Q": 67664.55192249433, "Total": 1.0}, "ANN": {"path": "../Models/ANN/Dataset_Final_ANN_10.h5", "Stable": false, "x": {"Ts": 3.366666666666667, "Ys": 0.10160118123257306, "Os": 2.7389516130021803, "Tp": 14.666666666666668, "y_max": 0.10273895161300219, "Tr": 1.154166666666666, "Tr_i": 0.25833333333333375, "Tr_f": 1.4124999999999996, "e_ss_abs": 0.0016011812325730512, "e_ss": 1.575947457646011, "iste": 1888.4084177595414, "mse": 0.00019460651843724328, "Ts_norm": 0.3312833128331284, "Os_norm": 0.4729248127470421, "iste_norm": 1.0839517080545664, "Total_ax": 0.6293866112115789}, "y": {"Ts": 3.166666666666666, "Ys": 0.10969129979176043, "Os": 10.847111970704093, "Tp": 14.912500000000001, "y_max": 0.1108471119707041, "Tr": 0.4500000000000002, "Tr_i": 0.27083333333333304, "Tr_f": 0.7208333333333332, "e_ss_abs": 0.009691299791760422, "e_ss": 8.835066965345954, "iste": 5122.930054720341, "mse": 0.0002628710032934233, "Ts_norm": 0.31301482701812183, "Os_norm": 1.8814991859663546, "iste_norm": 2.978979161072556, "Total_ax": 1.7244977246856774}, "z": {"Ts": 7.720833333333333, "Ys": 1.1704405033146563, "Os": 10.49329982248456, "Tp": 0.9458333333333337, "y_max": 1.2154262980473303, "Tr": 0.0, "Tr_i": -5.0, "Tr_f": -5.0, "e_ss_abs": 0.07044050331465623, "e_ss": 6.01828996135819, "iste": 3313.3849254699576, "mse": 0.008225513012426893, "Ts_norm": 9.406091370558372, "Os_norm": 77.79795529206697, "iste_norm": 37.44943464772999, "Total_ax": 41.55116043678511}, "r": {"Ts": 14.958333333333332, "Ys": 0.12905409752242805, "Os": 97.34460910116816, "Tp": 0.708333333333333, "y_max": 0.19734460910116816, "Tr": 5.0, "Tr_i": -4.633333333333334, "Tr_f": 0.36666666666666625, "e_ss_abs": 0.029054097522428046, "e_ss": 22.51311510460084, "iste": 13593.098496963488, "mse": 0.0009913245981147325, "Ts_norm": 15.676855895196507, "Os_norm": 964.3877500179979, "iste_norm": 59.15814603504451, "Total_ax": 346.40758398274625}, "Q": 371306.48502694734, "Total": 0.6293866112115789}, "LSTM": {"path": "../Models/LSTM/Dataset_Final_LSTM_0.h5", "Stable": false, "x": {"Ts": 14.908333333333335, "Ys": 0.10075830007274261, "Os": 10.8678243074362, "Tp": 2.666666666666667, "y_max": 0.1108678243074362, "Tr": 0.5083333333333337, "Tr_i": 0.22083333333333321, "Tr_f": 0.729166666666667, "e_ss_abs": 0.000758300072742607, "e_ss": 0.7525931582759446, "iste": 2877.1783564229477, "mse": 0.00019969773335526875, "Ts_norm": 1.4669946699466996, "Os_norm": 1.8765076940984742, "iste_norm": 1.6515084154954256, "Total_ax": 1.6650035931801996}, "y": {"Ts": 14.908333333333335, "Ys": 0.10205083739661061, "Os": 10.560186295119026, "Tp": 5.616666666666667, "y_max": 0.11056018629511903, "Tr": 0.4708333333333332, "Tr_i": 0.20833333333333304, "Tr_f": 0.6791666666666663, "e_ss_abs": 0.0020508373966106053, "e_ss": 2.0096232906352607, "iste": 2835.951020975648, "mse": 0.0001855842964101226, "Ts_norm": 1.4736408566721582, "Os_norm": 1.8317301390067418, "iste_norm": 1.649102935833482, "Total_ax": 1.6514913105041273}, "z": {"Ts": 1.8875000000000002, "Ys": 1.1581867245441844, "Os": 7.390941175315771, "Tp": 3.9375, "y_max": 1.1813003529284736, "Tr": 0.0, "Tr_i": -5.0, "Tr_f": -5.0, "e_ss_abs": 0.058186724544184276, "e_ss": 5.023950224182048, "iste": 2994.288767233137, "mse": 0.00498100160885339, "Ts_norm": 2.299492385786801, "Os_norm": 54.79688190090876, "iste_norm": 33.84285980266076, "Total_ax": 30.313078029785437}, "r": {"Ts": 14.9375, "Ys": 0.09820425570975348, "Os": 34.6855814634634, "Tp": 0.2666666666666666, "y_max": 0.1346855814634634, "Tr": 0.09999999999999964, "Tr_i": 0.07500000000000018, "Tr_f": 0.17499999999999982, "e_ss_abs": 0.0017957442902465232, "e_ss": 1.8285809278509435, "iste": 4158.985048013422, "mse": 0.0001578161821976646, "Ts_norm": 15.655021834061136, "Os_norm": 343.62816980292365, "iste_norm": 18.100203193768227, "Total_ax": 125.79446494358433}, "Q": 68356.8706499291, "Total": 1.6650035931801996}, "LSTMCNN": {"path": "../Models/LSTMCNN/Dataset_Final_LSTMCNN_Tuner_4.h5", "Stable": false, "x": {"Ts": 1.75, "Ys": 0.10717388671535968, "Os": 8.687823509502952, "Tp": 2.0, "y_max": 0.10868782350950296, "Tr": 0.5708333333333337, "Tr_i": 0.20833333333333304, "Tr_f": 0.7791666666666668, "e_ss_abs": 0.007173886715359679, "e_ss": 6.693689046113086, "iste": 4326.419869865077, "mse": 0.00022347286527545562, "Ts_norm": 0.17220172201722017, "Os_norm": 1.5000948855418, "iste_norm": 2.483377093428427, "Total_ax": 1.3852245669958159}, "y": {"Ts": 2.6791666666666663, "Ys": 0.10308580399223106, "Os": 7.322884018701001, "Tp": 1.9333333333333336, "y_max": 0.107322884018701, "Tr": 0.4041666666666659, "Tr_i": 0.27500000000000036, "Tr_f": 0.6791666666666663, "e_ss_abs": 0.0030858039922310593, "e_ss": 2.9934325316642214, "iste": 2412.580564765951, "mse": 0.00019944435201419076, "Ts_norm": 0.264827018121911, "Os_norm": 1.2701998796844374, "iste_norm": 1.4029134011353905, "Total_ax": 0.9793134329805797}, "z": {"Ts": 1.4708333333333332, "Ys": 1.1136041119253828, "Os": 2.388430081077172, "Tp": 3.3625000000000007, "y_max": 1.126272730891849, "Tr": 0.0, "Tr_i": -5.0, "Tr_f": -5.0, "e_ss_abs": 0.01360411192538269, "e_ss": 1.2216291031703943, "iste": 1097.2072967029633, "mse": 0.0007141311914966396, "Ts_norm": 1.7918781725888315, "Os_norm": 17.707964111319296, "iste_norm": 12.4011528624499, "Total_ax": 10.633665048786009}, "r": {"Ts": 3.1750000000000007, "Ys": 0.0687624861168085, "Os": 0.26997408423316827, "Tp": 0.5291666666666668, "y_max": 0.09973002591576684, "Tr": 5.25, "Tr_i": -4.775, "Tr_f": 0.47499999999999964, "e_ss_abs": 0.0312375138831915, "e_ss": 45.42813334312488, "iste": 15109.734643500653, "mse": 0.0009673363487687537, "Ts_norm": 3.3275109170305686, "Os_norm": 2.6746185747811504, "iste_norm": 65.75865604083276, "Total_ax": 23.920261844214824}, "Q": 59351.88774638823, "Total": 1.3852245669958159}, "CLSTM": {"path": "../Models/CLSTM/Dataset_Final_CLSTM_Tuner_2_2.h5", "Stable": false, "x": {"Ts": 14.904166666666665, "Ys": 0.1026456320409998, "Os": 7.723351375567705, "Tp": 2.591666666666667, "y_max": 0.10772335137556771, "Tr": 5.708333333333333, "Tr_i": -4.316666666666666, "Tr_f": 1.3916666666666666, "e_ss_abs": 0.0026456320409997958,