{"name": "escalon", "ref": {"z": {"trajectory": "step", "params": 0.1}, "x": {"trajectory": "step", "params": 0.1}, "y": {"trajectory": "step", "params": 0.1}, "r": {"trajectory": "step", "params": 0.1}}, "ctrls": {"DSLPID": {"Stable": false, "x": {"Ts": 10.1625, "Ys": 0.10213082605223915, "Os": 5.791515985580545, "Tp": 1.9375, "y_max": 0.10579151598558055, "Tr": 0.4791666666666661, "Tr_i": 0.2625000000000002, "Tr_f": 0.7416666666666663, "e_ss_abs": 0.002130826052239146, "e_ss": 2.0863691547439793, "iste": 1742.1517985785383, "mse": 0.00019302385445447518, "Ts_norm": 1.0, "Os_norm": 1.0, "iste_norm": 1.0, "Total_ax": 1.0}, "y": {"Ts": 10.116666666666667, "Ys": 0.10211575155072712, "Os": 5.7651430580518275, "Tp": 1.9249999999999998, "y_max": 0.10576514305805183, "Tr": 0.4708333333333332, "Tr_i": 0.25833333333333375, "Tr_f": 0.729166666666667, "e_ss_abs": 0.0021157515507271157, "e_ss": 2.071914977461722, "iste": 1719.6931491376642, "mse": 0.00019073119247447508, "Ts_norm": 1.0, "Os_norm": 1.0, "iste_norm": 1.0, "Total_ax": 1.0}, "z": {"Ts": 0.8208333333333337, "Ys": 1.0898998894950234, "Os": 0.13487886388647233, "Tp": 3.0250000000000004, "y_max": 1.1014836675027513, "Tr": 0.0, "Tr_i": -5.0, "Tr_f": -5.0, "e_ss_abs": 0.010100110504976723, "e_ss": 0.92670075502589, "iste": 88.47623353029175, "mse": 0.00010808418423395205, "Ts_norm": 1.0, "Os_norm": 1.0, "iste_norm": 1.0, "Total_ax": 1.0}, "r": {"Ts": 0.9541666666666666, "Ys": 0.09908365687792198, "Os": 0.10093928412026332, "Tp": 2.5541666666666663, "y_max": 0.10010093928412027, "Tr": 0.25833333333333286, "Tr_i": 0.05833333333333357, "Tr_f": 0.31666666666666643, "e_ss_abs": 0.0009163431220780283, "e_ss": 0.924817624774414, "iste": 229.7755999471504, "mse": 4.129061298952315e-05, "Ts_norm": 1.0, "Os_norm": 1.0, "iste_norm": 1.0, "Total_ax": 1.0}, "Q": 67664.55192249433, "Total": 1.0}, "CLSTM": {"path": "../Models/CLSTM/Dataset_Final_CLSTM_Tuner_2_2.h5", "Stable": false, "x": {"Ts": 14.904166666666665, "Ys": 0.1026456320409998, "Os": 7.723351375567705, "Tp": 2.591666666666667, "y_max": 0.10772335137556771, "Tr": 5.708333333333333, "Tr_i": -4.316666666666666, "Tr_f": 1.3916666666666666, "e_ss_abs": 0.0026456320409997958, "e_ss": 2.577442399052158, "iste": 2613.0101072608095, "mse": 0.0003036507979280625, "Ts_norm": 1.4665846658466584, "Os_norm": 1.3335629902079105, "iste_norm": 1.4998751023836294, "Total_ax": 1.4333409194793991}, "y": {"Ts": 14.729166666666668, "Ys": 0.10094034323482685, "Os": 3.714627719279745, "Tp": 1.6416666666666666, "y_max": 0.10371462771927975, "Tr": 0.49583333333333357, "Tr_i": 0.2666666666666666, "Tr_f": 0.7625000000000002, "e_ss_abs": 0.0009403432348268487, "e_ss": 0.9315831556459455, "iste": 1960.8652977469594, "mse": 0.00019788861992022484, "Ts_norm": 1.4559308072487644, "Os_norm": 0.6443253327585252, "iste_norm": 1.1402413847669455, "Total_ax": 1.0801658415914117}, "z": {"Ts": 13.774999999999999, "Ys": 1.1379521348432933, "Os": 6.688787644055984, "Tp": 13.158333333333335, "y_max": 1.173576664084616, "Tr": 0.0, "Tr_i": -5.0, "Tr_f": -5.0, "e_ss_abs": 0.037952134843293184, "e_ss": 3.335125765067399, "iste": 1484.7622764448238, "mse": 0.0016637226909877998, "Ts_norm": 16.781725888324864, "Os_norm": 49.59107343672425, "iste_norm": 16.78148150301271, "Total_ax": 27.718093609353943}, "r": {"Ts": 14.991666666666667, "Ys": 0.08312340265551175, "Os": 20.50859152163506, "Tp": 9.1, "y_max": 0.12050859152163507, "Tr": 5.133333333333334, "Tr_i": -3.875, "Tr_f": 1.2583333333333337, "e_ss_abs": 0.01687659734448825, "e_ss": 20.30306364433843, "iste": 6630.441033787126, "mse": 0.0002988193727320139, "Ts_norm": 15.711790393013102, "Os_norm": 203.17750121152298, "iste_norm": 28.8561580747136, "Total_ax": 82.58181655974988}, "Q": 78372.34398426957, "Total": 1.4333409194793991}}}