{"name": "escalon x", "ref": {"z": {"trajectory": "step", "params": 0}, "x": {"trajectory": "step", "params": 0.3}, "y": {"trajectory": "step", "params": 0}, "r": {"trajectory": "step", "params": 0}}, "ctrls": {"DSLPID": {"Stable": true, "x": {"Ts": 2.1875, "Ys": 0.7804812495104713, "Os": 163.08553763099923, "Tp": 2.2333333333333334, "y_max": 0.7892566128929976, "Tr": 0.30833333333333357, "Tr_i": 0.3125, "Tr_f": 0.6208333333333336, "e_ss_abs": 0.4804812495104713, "e_ss": 61.5621771582387, "iste": 70664.33710303827, "mse": 0.16161005963429456, "Ts_norm": 1.0, "Os_norm": 1.0, "iste_norm": 1.0, "Total_ax": 1.0}, "y": {"Ts": 14.829166666666666, "Ys": -1.3459730671076294e-06, "Os": 3.817408451567417e-05, "Tp": 2.3708333333333336, "y_max": 3.8174084515674167e-07, "Tr": 0.0, "Tr_i": -5.0, "Tr_f": -5.0, "e_ss_abs": 1.3459730671076294e-06, "e_ss": 100.0, "iste": 0.036268294604613394, "mse": 4.59156627958436e-13, "Ts_norm": 1.0, "Os_norm": 1.0, "iste_norm": 1.0, "Total_ax": 1.0}, "z": {"Ts": 2.3499999999999996, "Ys": 0.013346112673450209, "Os": 0.20245323648624414, "Tp": 0.29166666666666696, "y_max": 1.0020245323648624, "Tr": 0.0, "Tr_i": -5.0, "Tr_f": -5.0, "e_ss_abs": 0.9866538873265498, "e_ss": 7392.818504292472, "iste": 41820.07099253463, "mse": 0.6363070553970118, "Ts_norm": 1.0, "Os_norm": 1.0, "iste_norm": 1.0, "Total_ax": 1.0}, "r": {"Ts": 1.895833333333333, "Ys": -1.1456570196516973e-15, "Os": 0.001832101792010581, "Tp": 1.9958333333333336, "y_max": 3.1415926535897825, "Tr": 0.0, "Tr_i": 1.9000000000000004, "Tr_f": 1.9000000000000004, "e_ss_abs": 1.1456570196516973e-15, "e_ss": 100.0, "iste": 132826.16514260974, "mse": 6.464496833564211, "Ts_norm": 1.0, "Os_norm": 1.0, "iste_norm": 1.0, "Total_ax": 1.0}, "Q": 17041791.670295887, "Total": 1.0}, "LSTMCNN": {"path": "../Models/LSTMCNN/Dataset_Final_LSTMCNN_Tuner_4.h5", "Stable": true, "x": {"Ts": 8.708333333333334, "Ys": -4.082787390423044, "Os": 187.41479482546254, "Tp": 4.216666666666667, "y_max": 0.8622443844763876, "Tr": 0.33750000000000036, "Tr_i": 0.2958333333333334, "Tr_f": 0.6333333333333337, "e_ss_abs": 4.382787390423044, "e_ss": 107.34792119481182, "iste": 513460.80988745834, "mse": 8.941239493771318, "Ts_norm": 3.980952380952381, "Os_norm": 1.1491809607882657, "iste_norm": 7.266194390796622, "Total_ax": 4.132109244179089}, "y": {"Ts": 8.8, "Ys": -4.120443319491709, "Os": 103.24290319660588, "Tp": 4.3375, "y_max": 0.13500572773999245, "Tr": 0.5875000000000004, "Tr_i": 4.637499999999999, "Tr_f": 5.225, "e_ss_abs": 4.120443319491709, "e_ss": 100.0, "iste": 152151.49017186143, "mse": 8.881455788112154, "Ts_norm": 0.5934251194155663, "Os_norm": 2704528.595943529, "iste_norm": 4195165.276740293, "Total_ax": 2299898.155369647}, "z": {"Ts": 9.8, "Ys": 0.01334726928594708, "Os": 5.930249087625183, "Tp": 3.041666666666666, "y_max": 1.0593024908762518, "Tr": 0.0, "Tr_i": -5.0, "Tr_f": -5.0, "e_ss_abs": 0.9866527307140529, "e_ss": 7392.169211367215, "iste": 36647.74053104063, "mse": 0.4888639565415148, "Ts_norm": 4.170212765957448, "Os_norm": 29.291945095815347, "iste_norm": 0.8763194241727299, "Total_ax": 11.446159095315174}, "r": {"Ts": 9.6375, "Ys": -0.4051629996217175, "Os": 865.3662723800321, "Tp": 6.291666666666666, "y_max": 3.1328626803404345, "Tr": 3.4833333333333325, "Tr_i": 0.21250000000000036, "Tr_f": 3.695833333333333, "e_ss_abs": 0.4051629996217175, "e_ss": 100.0, "iste": 29919.14594628212, "mse": 0.7309901017268359, "Ts_norm": 5.083516483516484, "Os_norm": 472335.2578736162, "iste_norm": 0.22525039335555022, "Total_ax": 157446.855546831}, "Q": 2773994.0344350524, "Total": 4.132109244179089}}}