{"name": "escal\u00f3n", "ref": {"z": {"trajectory": "step", "params": 0.1}, "x": {"trajectory": "step", "params": 0.1}, "y": {"trajectory": "step", "params": 0.1}, "r": {"trajectory": "step", "params": 0.1}}, "ctrls": {"DSLPID": {"Stable": false, "x": {"Ts": 10.129166666666666, "Ys": 0.1021212868732652, "Os": 5.786370612983164, "Tp": 1.9625000000000004, "y_max": 0.10578637061298317, "Tr": 0.4791666666666661, "Tr_i": 0.2625000000000002, "Tr_f": 0.7416666666666663, "e_ss_abs": 0.0021212868732651963, "e_ss": 2.0772230141378465, "iste": 1725.6339113496133, "mse": 0.00019282440255068888, "Ts_norm": 1.0, "Os_norm": 1.0, "iste_norm": 1.0, "Total_ax": 1.0}, "y": {"Ts": 10.15, "Ys": 0.1021270802974377, "Os": 5.813685132473253, "Tp": 1.895833333333333, "y_max": 0.10581368513247326, "Tr": 0.4708333333333332, "Tr_i": 0.25833333333333375, "Tr_f": 0.729166666666667, "e_ss_abs": 0.002127080297437689, "e_ss": 2.0827779382732987, "iste": 1737.5253336642709, "mse": 0.00019098805811998477, "Ts_norm": 1.0, "Os_norm": 1.0, "iste_norm": 1.0, "Total_ax": 1.0}, "z": {"Ts": 0.8166666666666664, "Ys": 1.0898190990415275, "Os": 0.1347440552693949, "Tp": 3.020833333333334, "y_max": 1.1014821846079634, "Tr": 0.0, "Tr_i": -5.0, "Tr_f": -5.0, "e_ss_abs": 0.010180900958472572, "e_ss": 0.9341826517287553, "iste": 88.38272336369243, "mse": 0.00010806406760847564, "Ts_norm": 1.0, "Os_norm": 1.0, "iste_norm": 1.0, "Total_ax": 1.0}, "r": {"Ts": 0.8083333333333336, "Ys": 0.10110307143580105, "Os": 2.247709527446684, "Tp": 0.7833333333333332, "y_max": 0.10224770952744669, "Tr": 0.25833333333333286, "Tr_i": 0.05833333333333357, "Tr_f": 0.31666666666666643, "e_ss_abs": 0.0011030714358010452, "e_ss": 1.091036523555547, "iste": 225.2929628434031, "mse": 4.1248985004269354e-05, "Ts_norm": 1.0, "Os_norm": 1.0, "iste_norm": 1.0, "Total_ax": 1.0}, "Q": 70010.55400456727, "Total": 1.0}, "CLSTM_1": {"path": "../tmp/CLSTM/Dataset_Final_CLSTM_0.h5", "Stable": false, "x": {"Ts": 14.908333333333335, "Ys": 0.10890779387365034, "Os": 12.839382646789868, "Tp": 1.8875000000000002, "y_max": 0.11283938264678987, "Tr": 0.41249999999999964, "Tr_i": 0.27500000000000036, "Tr_f": 0.6875, "e_ss_abs": 0.00890779387365033, "e_ss": 8.179206975751185, "iste": 4065.1768085838844, "mse": 0.00023846349120299122, "Ts_norm": 1.4718222953517073, "Os_norm": 2.218900845718647, "iste_norm": 2.355758531312427, "Total_ax": 2.015493890794261}, "y": {"Ts": 14.841666666666665, "Ys": 0.08832573548592222, "Os": 6.317151213153849, "Tp": 1.6833333333333336, "y_max": 0.09368284878684616, "Tr": 5.004166666666666, "Tr_i": -3.525, "Tr_f": 1.479166666666667, "e_ss_abs": 0.011674264514077784, "e_ss": 13.21728536971932, "iste": 5971.128445556679, "mse": 0.0003550330482709346, "Ts_norm": 1.4622331691297206, "Os_norm": 1.0866001630993751, "iste_norm": 3.436570581082783, "Total_ax": 1.9951346377706263}, "z": {"Ts": 5.341666666666667, "Ys": 1.0960915163719052, "Os": 0.297038011149452, "Tp": 3.9749999999999996, "y_max": 1.103267418122644, "Tr": 0.0, "Tr_i": -5.0, "Tr_f": -5.0, "e_ss_abs": 0.0039084836280949276, "e_ss": 0.3565836948571705, "iste": 642.351144529157, "mse": 0.00038395745926245135, "Ts_norm": 6.5408163265306145, "Os_norm": 2.2044609727351716, "iste_norm": 7.267836066624695, "Total_ax": 5.337704455296827}, "r": {"Ts": 14.8625, "Ys": 0.08261183141153622, "Os": 2.522503266932236, "Tp": 0.43333333333333357, "y_max": 0.09747749673306777, "Tr": 4.120833333333334, "Tr_i": -3.916666666666667, "Tr_f": 0.2041666666666666, "e_ss_abs": 0.017388168588463787, "e_ss": 21.048036693247354, "iste": 7321.41789855663, "mse": 0.000256586702445585, "Ts_norm": 18.386597938144327, "Os_norm": 1.1222550049862126, "iste_norm": 32.49732173678949, "Total_ax": 17.33539155997334}, "Q": 61238.4149151172, "Total": 6.670931135958763}, "CLSTM_2": {"path": "../tmp/CLSTM/Dataset_Final_CLSTM_Tuner_0_2.h5", "Stable": false, "x": {"Ts": 14.904166666666665, "Ys": 0.10305510916609897, "Os": 10.991100180055488, "Tp": 12.666666666666668, "y_max": 0.1109911001800555, "Tr": 0.4208333333333325, "Tr_i": 0.25833333333333375, "Tr_f": 0.6791666666666663, "e_ss_abs": 0.003055109166098968, "e_ss": 2.964539255569463, "iste": 2760.1604458559573, "mse": 0.00019776282615184825, "Ts_norm": 1.4714109419991772, "Os_norm": 1.8994808516748336, "iste_norm": 1.5995052181706628, "Total_ax": 1.6567990039482245}, "y": {"Ts": 14.916666666666668, "Ys": 0.10325138813483309, "Os": 7.803218495507025, "Tp": 7.716666666666667, "y_max": 0.10780321849550703, "Tr": 0.42916666666666714, "Tr_i": 0.2666666666666666, "Tr_f": 0.6958333333333337, "e_ss_abs": 0.003251388134833083, "e_ss": 3.1490018619286615, "iste": 2128.613629950877, "mse": 0.00019338408104590664, "Ts_norm": 1.4696223316912973, "Os_norm": 1.3422155341576585, "iste_norm": 1.225083507393725, "Total_ax": 1.3456404577475602}, "z": {"Ts": 1.8666666666666663, "Ys": 1.1167112746415515, "Os": 2.737674635998045, "Tp": 3.304166666666667, "y_max": 1.1301144209959786, "Tr": 0.0, "Tr_i": -5.0, "Tr_f": -5.0, "e_ss_abs": 0.01671127464155142, "e_ss": 1.4964722772155679, "iste": 1187.8021288557563, "mse": 0.0007209021294156067, "Ts_norm": 2.285714285714286, "Os_norm": 20.31759123268622, "iste_norm": 13.439302203531156, "Total_ax": 12.014202573977219}, "r": {"Ts": 14.95, "Ys": 0.12079082825586294, "Os": 22.87007476609157, "Tp": 14.995833333333334, "y_max": 0.12287007476609157, "Tr": 4.570833333333333, "Tr_i": -4.283333333333333, "Tr_f": 0.28749999999999964, "e_ss_abs": 0.02079082825586294, "e_ss": 17.21225738416426, "iste": 4195.515580923183, "mse": 0.00013564410036418498, "Ts_norm": 18.494845360824737, "Os_norm": 10.174835532272331, "iste_norm": 18.62248837234835, "Total_ax": 15.764056421815138}, "Q": 80234.33343238782, "Total": 7.695174614372036}, "CLSTM_3": {"path": "../tmp/CLSTM/Dataset_Final_CLSTM_Tuner_3.h5", "Stable": false, "x": {"Ts": 14.7375, "Ys": 0.10083127544089693, "Os": 5.792321234629486, "Tp": 14.3625, "y_max": 0.10579232123462949, "Tr": 0.5416666666666661, "Tr_i": 0.25833333333333375, "Tr_f": 0.7999999999999998, "e_ss_abs": 0.0008312754408969225, "e_ss": 0.8244222214407882, "iste": 1845.0181936860286, "mse": 0.00019838923585179674, "Ts_norm": 1.4549568078979844, "Os_norm": 1.0010283858474205, "iste_norm": 1.0691828559645338, "Total_ax": 1.1750560165699793}, "y": {"Ts": 14.787500000000001, "Ys": 0.09407531914282044, "Os": 4.0691011114984, "Tp": 2.875, "y_max": 0.1040691011114984, "Tr": 2.879166666666667, "Tr_i": -2.1458333333333335, "Tr_f": 0.7333333333333334, "e_ss_abs": 0.005924680857179565, "e_ss": 6.29780574880114, "iste": 2193.0490880343095, "mse": 0.0002454691667446661, "Ts_norm": 1.4568965517241381, "Os_norm": 0.6999176974290876, "iste_norm": 1.262168122411996, "Total_ax": 1.1396607905217406}, "z": {"Ts": 1.041666666666667, "Ys": 1.1035263248793772, "Os": 1.6341895599463196, "Tp": 3.2333333333333325, "y_max": 1.1179760851594096, "Tr": 0.0, "Tr_i": -5.0, "Tr_f": -5.0, "e_ss_abs": 0.0035263248793770963, "e_ss": 0.31955058976617956, "iste": 603.9771257545208, "mse": 0.0003235870929635563, "Ts_norm": 1.2755102040816333, "Os_norm": 12.128101359863862, "iste_norm": 6.83365597673622, "Total_ax": 6.745755846893905}, "r": {"Ts": 14.633333333333333, "Ys": 0.08439306258031432, "Os": 8.671882316678744, "Tp": 0.25, "y_max": 0.10867188231667875, "Tr": 4.170833333333333, "Tr_i": -3.9833333333333334, "Tr_f": 0.1875, "e_ss_abs": 0.01560693741968569, "e_ss": 18.493152093909426, "iste": 7092.983320633911, "mse": 0.00023611220904499233, "Ts_norm": 18.103092783505147, "Os_norm": 3.8580974146288756, "iste_norm": 31.48337715973894, "Total_ax": 17.814855785957654}, "Q": 63194.12183355853, "Total": 6.71883210998582}, "CLSTM_4": {"path": "../tmp/CLSTM/Dataset_Final_CLSTM_Tuner_2_2.h5", "Stable": false, "x": {"Ts": 14.1125, "Ys": 0.09948452336093218, "Os": 7.723145886096697, "Tp": 2.591666666666667, "y_max": 0.1077231458860967, "Tr": 5.708333333333333, "Tr_i": -4.316666666666666, "Tr_f": 1.3916666666666666, "e_ss_abs": 0.0005154766390678273, "e_ss": 0.5181475687405828,