{"name": "perturbaciones", "ref": {"z": {"trajectory": "stop", "params": -0.1}, "x": {"trajectory": "stop", "params": 0.0}, "y": {"trajectory": "stop", "params": 0.0}, "r": {"trajectory": "stop", "params": 0.0}}, "ctrls": {"DSLPID": {"Stable": false, "x": {"Ts": 14.904166666666665, "Ys": 0.0006539329496450199, "Os": 0.2545897428684274, "Tp": 6.208333333333334, "y_max": 0.002545897428684274, "Tr": 0.0, "Tr_i": -5.0, "Tr_f": -5.0, "e_ss_abs": 0.0006539329496450199, "e_ss": 100.0, "iste": 72.89410927655213, "mse": 1.6443561877500136e-05, "Ts_norm": 1.0, "Os_norm": 1.0, "iste_norm": 1.0, "Total_ax": 1.0}, "y": {"Ts": 14.904166666666665, "Ys": 0.0006262884224820541, "Os": 0.2672138590108508, "Tp": 6.2041666666666675, "y_max": 0.002672138590108508, "Tr": 0.0, "Tr_i": -5.0, "Tr_f": -5.0, "e_ss_abs": 0.0006262884224820541, "e_ss": 100.0, "iste": 70.24566675148746, "mse": 1.533765949126703e-05, "Ts_norm": 1.0, "Os_norm": 1.0, "iste_norm": 1.0, "Total_ax": 1.0}, "z": {"Ts": 6.058333333333334, "Ys": 0.9911055130977479, "Os": 0.15679724808637108, "Tp": 8.2, "y_max": 1.0015679724808637, "Tr": 0.0, "Tr_i": -5.0, "Tr_f": -5.0, "e_ss_abs": 0.008894486902252141, "e_ss": 0.8974308774100141, "iste": 145.1743339583152, "mse": 9.852830320837172e-05, "Ts_norm": 1.0, "Os_norm": 1.0, "iste_norm": 1.0, "Total_ax": 1.0}, "r": {"Ts": 13.783333333333335, "Ys": -2.4902093424690327e-05, "Os": 10.000000000000009, "Tp": 5.0, "y_max": 0.10000000000000009, "Tr": 0.0, "Tr_i": -5.0, "Tr_f": -5.0, "e_ss_abs": 2.4902093424690327e-05, "e_ss": 100.0, "iste": 71.2890830826413, "mse": 9.406758775511578e-05, "Ts_norm": 1.0, "Os_norm": 1.0, "iste_norm": 1.0, "Total_ax": 1.0}, "Q": 158833.29698726375, "Total": 1.0}, "ANN_feedback": {"path": "../Models/ANN_feedback/Dataset_Final_ANN_feedback_7.h5", "Stable": true, "x": {"Ts": -1.7166666666666668, "Ys": -1.2598988699664198, "Os": 105.99144782156544, "Tp": -4.358333333333333, "y_max": 0.07626618744040668, "Tr": 0.75, "Tr_i": -4.054166666666667, "Tr_f": -3.3041666666666667, "e_ss_abs": 1.2598988699664198, "e_ss": 100.0, "iste": 60815.729201208655, "mse": 1.5020648186533148, "Ts_norm": -0.11518031870282362, "Os_norm": 416.32253769289554, "iste_norm": 834.3023847164461, "Total_ax": 416.8365806968796}, "y": {"Ts": -0.5458333333333334, "Ys": 0.14570680050877793, "Os": 28.58955705909894, "Tp": -3.2041666666666666, "y_max": 0.18547721856835458, "Tr": 0.3583333333333333, "Tr_i": -4.5375, "Tr_f": -4.179166666666667, "e_ss_abs": 0.14570680050877793, "e_ss": 100.0, "iste": 6932.8631307956475, "mse": 0.021944828319438083, "Ts_norm": -0.03662286832541237, "Os_norm": 106.99129590407209, "iste_norm": 98.69453094270534, "Total_ax": 68.549734659484}, "z": {"Ts": -0.2666666666666666, "Ys": 0.013352403202093409, "Os": 0.017013888888883777, "Tp": -5.0, "y_max": 0.9998298611111112, "Tr": 0.0, "Tr_i": -5.0, "Tr_f": -5.0, "e_ss_abs": 0.9866475967979066, "e_ss": 7389.288518812992, "iste": 47134.01437876251, "mse": 0.9016437225430103, "Ts_norm": -0.04401650618982117, "Os_norm": 0.10850884882566147, "iste_norm": 324.67181418098596, "Total_ax": 108.24543550787394}, "r": {"Ts": 5.254166666666666, "Ys": 0.32768930135424346, "Os": 1274.633726933072, "Tp": -3.216666666666667, "y_max": 3.128798260637604, "Tr": 0.3291666666666667, "Tr_i": -4.833333333333333, "Tr_f": -4.504166666666666, "e_ss_abs": 0.32768930135424346, "e_ss": 100.0, "iste": 11663.56906181262, "mse": 0.35286445316967724, "Ts_norm": 0.38119709794437723, "Os_norm": 127.4633726933071, "iste_norm": 163.6094694652156, "Total_ax": 97.15134641882236}, "Q": 12817640.389181985, "Total": 416.8365806968796}}}