{"name": "escalon", "ref": {"z": {"trajectory": "step", "params": 0.1}, "x": {"trajectory": "step", "params": 0.1}, "y": {"trajectory": "step", "params": 0.1}, "r": {"trajectory": "step", "params": 0.1}}, "ctrls": {"DSLPID": {"Stable": false, "x": {"Ts": 10.166666666666666, "Ys": 0.10213339590181184, "Os": 5.811196093699913, "Tp": 1.9458333333333337, "y_max": 0.10581119609369992, "Tr": 0.4791666666666661, "Tr_i": 0.2625000000000002, "Tr_f": 0.7416666666666663, "e_ss_abs": 0.00213339590181183, "e_ss": 2.0888328278664274, "iste": 1743.3699909055556, "mse": 0.00019303299051671711, "Ts_norm": 1.0, "Os_norm": 1.0, "iste_norm": 1.0, "Total_ax": 1.0}, "y": {"Ts": 10.1125, "Ys": 0.10211452554429037, "Os": 5.761717175682704, "Tp": 1.9124999999999996, "y_max": 0.10576171717568271, "Tr": 0.4708333333333332, "Tr_i": 0.25833333333333375, "Tr_f": 0.729166666666667, "e_ss_abs": 0.0021145255442903688, "e_ss": 2.070739234226996, "iste": 1719.1422024779258, "mse": 0.00019073004202253168, "Ts_norm": 1.0, "Os_norm": 1.0, "iste_norm": 1.0, "Total_ax": 1.0}, "z": {"Ts": 0.8208333333333337, "Ys": 1.0898998894950234, "Os": 0.13485896184425608, "Tp": 3.020833333333334, "y_max": 1.101483448580287, "Tr": 0.0, "Tr_i": -5.0, "Tr_f": -5.0, "e_ss_abs": 0.010100110504976723, "e_ss": 0.92670075502589, "iste": 88.46348884510374, "mse": 0.00010808320336002785, "Ts_norm": 1.0, "Os_norm": 1.0, "iste_norm": 1.0, "Total_ax": 1.0}, "r": {"Ts": 0.9541666666666666, "Ys": 0.09908365687792198, "Os": 0.10094908558483384, "Tp": 2.5458333333333334, "y_max": 0.10010094908558484, "Tr": 0.25833333333333286, "Tr_i": 0.05833333333333357, "Tr_f": 0.31666666666666643, "e_ss_abs": 0.0009163431220780283, "e_ss": 0.924817624774414, "iste": 229.63357934408396, "mse": 4.1290331397990294e-05, "Ts_norm": 1.0, "Os_norm": 1.0, "iste_norm": 1.0, "Total_ax": 1.0}, "Q": 68211.9720649499, "Total": 1.0}, "LSTM": {"path": "../Models/LSTM/Dataset_Final_LSTM_0.h5", "Stable": false, "x": {"Ts": 14.908333333333335, "Ys": 0.10075830007274261, "Os": 10.8678243074362, "Tp": 2.666666666666667, "y_max": 0.1108678243074362, "Tr": 0.5083333333333337, "Tr_i": 0.22083333333333321, "Tr_f": 0.729166666666667, "e_ss_abs": 0.000758300072742607, "e_ss": 0.7525931582759446, "iste": 2877.1783564229477, "mse": 0.00019969773335526875, "Ts_norm": 1.466393442622951, "Os_norm": 1.8701527417425001, "iste_norm": 1.6503544121052927, "Total_ax": 1.662300198823581}, "y": {"Ts": 14.908333333333335, "Ys": 0.10205083739661061, "Os": 10.560186295119026, "Tp": 5.616666666666667, "y_max": 0.11056018629511903, "Tr": 0.4708333333333332, "Tr_i": 0.20833333333333304, "Tr_f": 0.6791666666666663, "e_ss_abs": 0.0020508373966106053, "e_ss": 2.0096232906352607, "iste": 2835.951020975648, "mse": 0.0001855842964101226, "Ts_norm": 1.4742480428512568, "Os_norm": 1.8328192747273737, "iste_norm": 1.6496314364733666, "Total_ax": 1.6522329180173323}, "z": {"Ts": 1.8875000000000002, "Ys": 1.1581867245441844, "Os": 7.390941175315771, "Tp": 3.9375, "y_max": 1.1813003529284736, "Tr": 0.0, "Tr_i": -5.0, "Tr_f": -5.0, "e_ss_abs": 0.058186724544184276, "e_ss": 5.023950224182048, "iste": 2994.288767233137, "mse": 0.00498100160885339, "Ts_norm": 2.299492385786801, "Os_norm": 54.80496864458524, "iste_norm": 33.84773544796571, "Total_ax": 30.317398826112584}, "r": {"Ts": 14.9375, "Ys": 0.09820425570975348, "Os": 34.6855814634634, "Tp": 0.2666666666666666, "y_max": 0.1346855814634634, "Tr": 0.09999999999999964, "Tr_i": 0.07500000000000018, "Tr_f": 0.17499999999999982, "e_ss_abs": 0.0017957442902465232, "e_ss": 1.8285809278509435, "iste": 4158.985048013422, "mse": 0.0001578161821976646, "Ts_norm": 15.655021834061136, "Os_norm": 343.5948058619603, "iste_norm": 18.111397557330154, "Total_ax": 125.78707508445054}, "Q": 68356.8706499291, "Total": 1.662300198823581}}}