{"name": "escal\u00f3n", "ref": {"z": {"trajectory": "step", "params": 0.1}, "x": {"trajectory": "step", "params": 0.1}, "y": {"trajectory": "step", "params": 0.1}, "r": {"trajectory": "step", "params": 0.1}}, "ctrls": {"DSLPID": {"Stable": false, "x": {"Ts": 10.129166666666666, "Ys": 0.1021212868732652, "Os": 5.786370612983164, "Tp": 1.9625000000000004, "y_max": 0.10578637061298317, "Tr": 0.4791666666666661, "Tr_i": 0.2625000000000002, "Tr_f": 0.7416666666666663, "e_ss_abs": 0.0021212868732651963, "e_ss": 2.0772230141378465, "iste": 1725.6339113496133, "mse": 0.00019282440255068888, "Ts_norm": 1.0, "Os_norm": 1.0, "iste_norm": 1.0, "Total_ax": 1.0}, "y": {"Ts": 10.15, "Ys": 0.1021270802974377, "Os": 5.813685132473253, "Tp": 1.895833333333333, "y_max": 0.10581368513247326, "Tr": 0.4708333333333332, "Tr_i": 0.25833333333333375, "Tr_f": 0.729166666666667, "e_ss_abs": 0.002127080297437689, "e_ss": 2.0827779382732987, "iste": 1737.5253336642709, "mse": 0.00019098805811998477, "Ts_norm": 1.0, "Os_norm": 1.0, "iste_norm": 1.0, "Total_ax": 1.0}, "z": {"Ts": 0.8166666666666664, "Ys": 1.0898190990415275, "Os": 0.1347440552693949, "Tp": 3.020833333333334, "y_max": 1.1014821846079634, "Tr": 0.0, "Tr_i": -5.0, "Tr_f": -5.0, "e_ss_abs": 0.010180900958472572, "e_ss": 0.9341826517287553, "iste": 88.38272336369243, "mse": 0.00010806406760847564, "Ts_norm": 1.0, "Os_norm": 1.0, "iste_norm": 1.0, "Total_ax": 1.0}, "r": {"Ts": 0.8083333333333336, "Ys": 0.10110307143580105, "Os": 2.247709527446684, "Tp": 0.7833333333333332, "y_max": 0.10224770952744669, "Tr": 0.25833333333333286, "Tr_i": 0.05833333333333357, "Tr_f": 0.31666666666666643, "e_ss_abs": 0.0011030714358010452, "e_ss": 1.091036523555547, "iste": 225.2929628434031, "mse": 4.1248985004269354e-05, "Ts_norm": 1.0, "Os_norm": 1.0, "iste_norm": 1.0, "Total_ax": 1.0}, "Q": 70010.55400456727, "Total": 1.0}, "LSTMCNN_1": {"path": "../tmp/LSTMCNN/Dataset_Final_LSTMCNN_Tuner_0.h5", "Stable": false, "x": {"Ts": 10.1125, "Ys": 0.08921315140975437, "Os": 3.774187586159022, "Tp": 2.0458333333333334, "y_max": 0.10377418758615903, "Tr": 2.575, "Tr_i": -1.7958333333333334, "Tr_f": 0.7791666666666668, "e_ss_abs": 0.010786848590245632, "e_ss": 12.091096906443573, "iste": 5552.008317595611, "mse": 0.0003622446277176, "Ts_norm": 0.9983545865898809, "Os_norm": 0.6522547272880677, "iste_norm": 3.217373210551594, "Total_ax": 1.6226608414765142}, "y": {"Ts": 8.504166666666666, "Ys": 0.09448859135619396, "Os": 3.0480412768115612, "Tp": 6.2333333333333325, "y_max": 0.10304804127681157, "Tr": 0.4375, "Tr_i": 0.2999999999999998, "Tr_f": 0.7374999999999998, "e_ss_abs": 0.0055114086438060456, "e_ss": 5.8328826419156465, "iste": 2836.5099266572097, "mse": 0.00022825464996479756, "Ts_norm": 0.8378489326765188, "Os_norm": 0.5242872992529725, "iste_norm": 1.6324998960880115, "Total_ax": 0.9982120426725009}, "z": {"Ts": 14.808333333333334, "Ys": 1.0986949857705675, "Os": 2.0658560290372545, "Tp": 7.300000000000001, "y_max": 1.12272441631941, "Tr": 0.0, "Tr_i": -5.0, "Tr_f": -5.0, "e_ss_abs": 0.0013050142294326328, "e_ss": 0.11877857333783715, "iste": 442.34320807747866, "mse": 0.0002399786048293536, "Ts_norm": 18.132653061224495, "Os_norm": 15.331704429608948, "iste_norm": 5.004860579564275, "Total_ax": 12.823072690132571}, "r": {"Ts": 14.370833333333334, "Ys": 0.12156016607290861, "Os": 39.523710270718574, "Tp": 0.625, "y_max": 0.13952371027071858, "Tr": 4.6375, "Tr_i": -4.379166666666666, "Tr_f": 0.25833333333333375, "e_ss_abs": 0.0215601660729086, "e_ss": 17.73620978765147, "iste": 9366.720444694021, "mse": 0.0003928390563261093, "Ts_norm": 17.778350515463913, "Os_norm": 17.58399374478608, "iste_norm": 41.57573466333545, "Total_ax": 25.646026307861817}, "Q": 186627.71719694478, "Total": 1.6226608414765142}, "LSTMCNN_2": {"path": "../tmp/LSTMCNN/Dataset_Final_LSTMCNN_Tuner_1.h5", "Stable": false, "x": {"Ts": 2.7041666666666666, "Ys": 0.08994010764447968, "Os": 1.4570806173339335, "Tp": 0.958333333333333, "y_max": 0.10145708061733394, "Tr": 5.1125, "Tr_i": -4.375, "Tr_f": 0.7374999999999998, "e_ss_abs": 0.010059892355520322, "e_ss": 11.185101529215009, "iste": 5756.0785545506515, "mse": 0.00037245337862067926, "Ts_norm": 0.2669683257918552, "Os_norm": 0.2518125289217753, "iste_norm": 3.335631339122699, "Total_ax": 1.2848040646121097}, "y": {"Ts": 2.4291666666666663, "Ys": 0.09289150326687359, "Os": 3.6531908708121312, "Tp": 1.8208333333333337, "y_max": 0.09634680912918787, "Tr": 3.4208333333333334, "Tr_i": -2.591666666666667, "Tr_f": 0.8291666666666666, "e_ss_abs": 0.007108496733126413, "e_ss": 7.6524724900876935, "iste": 4501.144682170304, "mse": 0.0003042352659062631, "Ts_norm": 0.2393267651888341, "Os_norm": 0.6283778339502184, "iste_norm": 2.5905490958671837, "Total_ax": 1.1527512316687454}, "z": {"Ts": 1.2583333333333337, "Ys": 1.101545798975189, "Os": 2.0598732271337257, "Tp": 2.8666666666666663, "y_max": 1.122658605498471, "Tr": 0.0, "Tr_i": -5.0, "Tr_f": -5.0, "e_ss_abs": 0.0015457989751888057, "e_ss": 0.14032997780273165, "iste": 630.7242780563872, "mse": 0.0003343057437430895, "Ts_norm": 1.5408163265306132, "Os_norm": 15.28730319876008, "iste_norm": 7.136284717783298, "Total_ax": 7.98813474769133}, "r": {"Ts": 4.5166666666666675, "Ys": 0.11151852758660545, "Os": 33.819909697752, "Tp": 1.0374999999999996, "y_max": 0.133819909697752, "Tr": 4.741666666666667, "Tr_i": -4.545833333333333, "Tr_f": 0.19583333333333375, "e_ss_abs": 0.011518527586605445, "e_ss": 10.328801712038512, "iste": 5586.051824187635, "mse": 0.00020339833579800784, "Ts_norm": 5.587628865979381, "Os_norm": 15.046388016235436, "iste_norm": 24.794612994949134, "Total_ax": 15.142876625721316}, "Q": 54911.430912924596, "Total": 1.2848040646121097}, "LSTMCNN_3": {"path": "../tmp/LSTMCNN/Dataset_Final_LSTMCNN_Tuner_2.h5", "Stable": false, "x": {"Ts": 13.804166666666667, "Ys": 0.10209032254766272, "Os": 7.838179064555084, "Tp": 1.7041666666666666, "y_max": 0.10783817906455509, "Tr": 0.4249999999999998, "Tr_i": 0.25833333333333375, "Tr_f": 0.6833333333333336, "e_ss_abs": 0.0020903225476627124, "e_ss": 2.0475227186071505, "iste": 1362.4899208407721, "mse": 0.00018396978448624284, "Ts_norm": 1.362813656931304, "Os_norm": 1.354593334717997, "iste_norm": 0.7895590784810045, "Total_ax": 1.168988690043435}, "y": {"Ts": 14.766666666666666, "Ys": 0.09846502805355192, "Os": 5.7877131045600825, "Tp": 1.7583333333333337, "y_max": 0.10578771310456009, "Tr": 0.4083333333333332, "Tr_i": 0.27500000000000036, "Tr_f": 0.6833333333333336, "e_ss_abs": 0.0015349719464480827, "e_ss": 1.558900633850692, "iste": 1807.2709401761242, "mse": 0.00020172942206954578, "Ts_norm": 1.4548440065681443, "Os_norm": 0.9955326049964247, "iste_norm": 1.0401407709922517, "Total_ax": 1.1635057941856068}, "z": {"Ts": 10.5375, "Ys": 1.1245831181506727, "Os": 5.966635529371307, "Tp": 5.479166666666666, "y_max": 1.1656329908230845, "Tr": 0.0, "Tr_i": -5.0, "Tr_f": -5.0, "e_ss_abs": 0.0245831181506726, "e_ss": 2.1859760967333792, "iste": 1438.6535604022251, "mse": 0.00168998354296933, "Ts_norm": 12.903061224489798, "Os_norm": 44.28125246373329, "iste_norm": 16.277542778153666, "Total_ax": 24.487285488792253}, "r": {"Ts": 14.991666666666667, "Ys": 0.12864716945643817, "Os": 118.7422683885623, "Tp": 0.7958333333333334, "y_max": 0.2187422683885623, "Tr": 0.8708333333333332, "Tr_i": -4.725, "Tr_f": -3.854166666666667, "e_ss_abs": 0.028647169456438165, "e_ss": 22.268013806660953, "iste": 17443.602960227807, "mse": 0.0021111174300236955, "Ts_norm": 18.546391752577314, "Os_norm": 52.82811988764811, "iste_norm": 77.4263107913962, "Total_ax": 49.60027414387387}, "Q": 66976.17203664771, "Total": 1.168988690043435}, "LSTMCNN_4": {"path": "../tmp/LSTMCNN/Dataset_Final_LSTMCNN_Tuner_3.h5", "Stable": false, "x": {"Ts": 14.925, "Ys": 0.08208778092639754, "Os": 56.03224873086199, "Tp": 1.2166666666666668, "y_max": 0.156032248730862, "Tr": 5.433333333333333, "Tr_i": -4.475, "Tr_f": 0.958333333333333, "e_ss_abs": 0.017912219073602464,