{"name": "escalon", "ref": {"z": {"trajectory": "step", "params": 0.1}, "x": {"trajectory": "step", "params": 0.1}, "y": {"trajectory": "step", "params": 0.1}, "r": {"trajectory": "step", "params": 0.1}}, "ctrls": {"DSLPID": {"Stable": false, "x": {"Ts": 10.166666666666666, "Ys": 0.10213339590181184, "Os": 5.811196093699913, "Tp": 1.9458333333333337, "y_max": 0.10581119609369992, "Tr": 0.4791666666666661, "Tr_i": 0.2625000000000002, "Tr_f": 0.7416666666666663, "e_ss_abs": 0.00213339590181183, "e_ss": 2.0888328278664274, "iste": 1743.3699909055556, "mse": 0.00019303299051671711, "Ts_norm": 1.0, "Os_norm": 1.0, "iste_norm": 1.0, "Total_ax": 1.0}, "y": {"Ts": 10.1125, "Ys": 0.10211452554429037, "Os": 5.761717175682704, "Tp": 1.9124999999999996, "y_max": 0.10576171717568271, "Tr": 0.4708333333333332, "Tr_i": 0.25833333333333375, "Tr_f": 0.729166666666667, "e_ss_abs": 0.0021145255442903688, "e_ss": 2.070739234226996, "iste": 1719.1422024779258, "mse": 0.00019073004202253168, "Ts_norm": 1.0, "Os_norm": 1.0, "iste_norm": 1.0, "Total_ax": 1.0}, "z": {"Ts": 0.8208333333333337, "Ys": 1.0898998894950234, "Os": 0.13485896184425608, "Tp": 3.020833333333334, "y_max": 1.101483448580287, "Tr": 0.0, "Tr_i": -5.0, "Tr_f": -5.0, "e_ss_abs": 0.010100110504976723, "e_ss": 0.92670075502589, "iste": 88.46348884510374, "mse": 0.00010808320336002785, "Ts_norm": 1.0, "Os_norm": 1.0, "iste_norm": 1.0, "Total_ax": 1.0}, "r": {"Ts": 0.9541666666666666, "Ys": 0.09908365687792198, "Os": 0.10094908558483384, "Tp": 2.5458333333333334, "y_max": 0.10010094908558484, "Tr": 0.25833333333333286, "Tr_i": 0.05833333333333357, "Tr_f": 0.31666666666666643, "e_ss_abs": 0.0009163431220780283, "e_ss": 0.924817624774414, "iste": 229.63357934408396, "mse": 4.1290331397990294e-05, "Ts_norm": 1.0, "Os_norm": 1.0, "iste_norm": 1.0, "Total_ax": 1.0}, "Q": 68211.9720649499, "Total": 1.0}, "LSTMCNN": {"path": "../Models/LSTMCNN/Dataset_Final_LSTMCNN_Tuner_4.h5", "Stable": false, "x": {"Ts": 1.75, "Ys": 0.10717388671535968, "Os": 8.687823509502952, "Tp": 2.0, "y_max": 0.10868782350950296, "Tr": 0.5708333333333337, "Tr_i": 0.20833333333333304, "Tr_f": 0.7791666666666668, "e_ss_abs": 0.007173886715359679, "e_ss": 6.693689046113086, "iste": 4326.419869865077, "mse": 0.00022347286527545562, "Ts_norm": 0.1721311475409836, "Os_norm": 1.4950146870661745, "iste_norm": 2.481641815813184, "Total_ax": 1.3829292168067806}, "y": {"Ts": 2.6791666666666663, "Ys": 0.10308580399223106, "Os": 7.322884018701001, "Tp": 1.9333333333333336, "y_max": 0.107322884018701, "Tr": 0.4041666666666659, "Tr_i": 0.27500000000000036, "Tr_f": 0.6791666666666663, "e_ss_abs": 0.0030858039922310593, "e_ss": 2.9934325316642214, "iste": 2412.580564765951, "mse": 0.00019944435201419076, "Ts_norm": 0.26493613514627107, "Os_norm": 1.2709551328911446, "iste_norm": 1.403363003530785, "Total_ax": 0.979751423856067}, "z": {"Ts": 1.4708333333333332, "Ys": 1.1136041119253828, "Os": 2.388430081077172, "Tp": 3.3625000000000007, "y_max": 1.126272730891849, "Tr": 0.0, "Tr_i": -5.0, "Tr_f": -5.0, "e_ss_abs": 0.01360411192538269, "e_ss": 1.2216291031703943, "iste": 1097.2072967029633, "mse": 0.0007141311914966396, "Ts_norm": 1.7918781725888315, "Os_norm": 17.710577394444776, "iste_norm": 12.402939461545907, "Total_ax": 10.63513167619317}, "r": {"Ts": 3.1750000000000007, "Ys": 0.0687624861168085, "Os": 0.26997408423316827, "Tp": 0.5291666666666668, "y_max": 0.09973002591576684, "Tr": 5.25, "Tr_i": -4.775, "Tr_f": 0.47499999999999964, "e_ss_abs": 0.0312375138831915, "e_ss": 45.42813334312488, "iste": 15109.734643500653, "mse": 0.0009673363487687537, "Ts_norm": 3.3275109170305686, "Os_norm": 2.6743588876423465, "iste_norm": 65.79932554576507, "Total_ax": 23.93373178347933}, "Q": 59351.88774638823, "Total": 1.3829292168067806}}}