{"name": "perturbaciones", "ref": {"z": {"trajectory": "stop", "params": 0.0}, "x": {"trajectory": "stop", "params": 0.0}, "y": {"trajectory": "stop", "params": 0.0}, "r": {"trajectory": "stop", "params": 0.0}}, "ctrls": {"DSLPID": {"Stable": false, "x": {"Ts": 14.904166666666665, "Ys": 0.0006539329496450199, "Os": 0.2545897428684274, "Tp": 6.208333333333334, "y_max": 0.002545897428684274, "Tr": 0.0, "Tr_i": -5.0, "Tr_f": -5.0, "e_ss_abs": 0.0006539329496450199, "e_ss": 100.0, "iste": 72.89410927655213, "mse": 1.6443561877500136e-05, "Ts_norm": 1.0, "Os_norm": 1.0, "iste_norm": 1.0, "Total_ax": 1.0}, "y": {"Ts": 14.904166666666665, "Ys": 0.0006262884224820541, "Os": 0.2672138590108508, "Tp": 6.2041666666666675, "y_max": 0.002672138590108508, "Tr": 0.0, "Tr_i": -5.0, "Tr_f": -5.0, "e_ss_abs": 0.0006262884224820541, "e_ss": 100.0, "iste": 70.24566675148746, "mse": 1.533765949126703e-05, "Ts_norm": 1.0, "Os_norm": 1.0, "iste_norm": 1.0, "Total_ax": 1.0}, "z": {"Ts": 6.058333333333334, "Ys": 0.9911055130977479, "Os": 0.15679724808637108, "Tp": 8.2, "y_max": 1.0015679724808637, "Tr": 0.0, "Tr_i": -5.0, "Tr_f": -5.0, "e_ss_abs": 0.008894486902252141, "e_ss": 0.8974308774100141, "iste": 145.1743339583152, "mse": 9.852830320837172e-05, "Ts_norm": 1.0, "Os_norm": 1.0, "iste_norm": 1.0, "Total_ax": 1.0}, "r": {"Ts": 13.783333333333335, "Ys": -2.4902093424690327e-05, "Os": 10.000000000000009, "Tp": 5.0, "y_max": 0.10000000000000009, "Tr": 0.0, "Tr_i": -5.0, "Tr_f": -5.0, "e_ss_abs": 2.4902093424690327e-05, "e_ss": 100.0, "iste": 71.2890830826413, "mse": 9.406758775511578e-05, "Ts_norm": 1.0, "Os_norm": 1.0, "iste_norm": 1.0, "Total_ax": 1.0}, "Q": 158833.29698726375, "Total": 1.0}, "LSTMCNN": {"path": "../Models/LSTMCNN/Dataset_Final_LSTMCNN_Tuner_4.h5", "Stable": false, "x": {"Ts": 10.216666666666667, "Ys": 0.006157022166356627, "Os": 19.24137214462754, "Tp": -4.158333333333333, "y_max": 0.007416592702337109, "Tr": 0.3, "Tr_i": -4.695833333333334, "Tr_f": -4.395833333333333, "e_ss_abs": 0.006157022166356627, "e_ss": 100.0, "iste": 301.2632162464622, "mse": 4.702460473645789e-05, "Ts_norm": 0.6854906346100085, "Os_norm": 75.57795505756698, "iste_norm": 4.132888366925552, "Total_ax": 26.798778019700848}, "y": {"Ts": 12.045833333333334, "Ys": -0.00031263609879731823, "Os": 0.897497528030744, "Tp": 6.166666666666666, "y_max": 0.00897497528030744, "Tr": 0.0, "Tr_i": -5.0, "Tr_f": -5.0, "e_ss_abs": 0.00031263609879731823, "e_ss": 100.0, "iste": 50.17088219087201, "mse": 8.30364034645567e-06, "Ts_norm": 0.8082191780821919, "Os_norm": 3.3587237254572906, "iste_norm": 0.7142203143770378, "Total_ax": 1.627054405972173}, "z": {"Ts": 7.0625, "Ys": 1.0278264201546214, "Os": 3.8678486201913165, "Tp": -1.25, "y_max": 1.0386784862019132, "Tr": 0.0, "Tr_i": -5.0, "Tr_f": -5.0, "e_ss_abs": 0.027826420154621445, "e_ss": 2.707307343825173, "iste": 1725.7225205787606, "mse": 0.0012618453120043238, "Ts_norm": 1.1657496561210454, "Os_norm": 24.667834846570322, "iste_norm": 11.887242555383638, "Total_ax": 12.573609019358333}, "r": {"Ts": 8.7125, "Ys": -0.024992490272945117, "Os": 396.23800905824464, "Tp": 5.020833333333334, "y_max": 0.07479705014768796, "Tr": 0.22500000000000003, "Tr_i": -4.8875, "Tr_f": -4.6625, "e_ss_abs": 0.024992490272945117, "e_ss": 100.0, "iste": 1224.0378066074604, "mse": 0.0006879237144712814, "Ts_norm": 0.6321039903264812, "Os_norm": 39.62380090582443, "iste_norm": 17.170059617522426, "Total_ax": 19.141988171224448}, "Q": 150638.95469491684, "Total": 15.03535740406395}}}