{"name": "escalon r", "ref": {"z": {"trajectory": "step", "params": 0}, "x": {"trajectory": "step", "params": 0}, "y": {"trajectory": "step", "params": 0}, "r": {"trajectory": "step", "params": 2}}, "ctrls": {"DSLPID": {"Stable": false, "x": {"Ts": 14.954166666666666, "Ys": 6.777446613449679e-17, "Os": 1.3322676295501878e-13, "Tp": 6.083333333333334, "y_max": 1.3322676295501878e-15, "Tr": 0.0, "Tr_i": -5.0, "Tr_f": -5.0, "e_ss_abs": 6.777446613449679e-17, "e_ss": 100.0, "iste": 1.545321218826114e-11, "mse": 9.02142147018138e-31, "Ts_norm": 1.0, "Os_norm": 1.0, "iste_norm": 1.0, "Total_ax": 1.0}, "y": {"Ts": 14.958333333333332, "Ys": 2.3409148489553653e-16, "Os": 8.881784197001252e-14, "Tp": 6.029166666666667, "y_max": 8.881784197001252e-16, "Tr": 0.0, "Tr_i": -5.0, "Tr_f": -5.0, "e_ss_abs": 2.3409148489553653e-16, "e_ss": 100.0, "iste": 1.3372187469431297e-11, "mse": 4.227374731475939e-31, "Ts_norm": 1.0, "Os_norm": 1.0, "iste_norm": 1.0, "Total_ax": 1.0}, "z": {"Ts": 14.979166666666668, "Ys": 0.9999829323067213, "Os": 0.07333006846252932, "Tp": 1.291666666666667, "y_max": 1.0007333006846253, "Tr": 0.0, "Tr_i": -5.0, "Tr_f": -5.0, "e_ss_abs": 1.7067693278693952e-05, "e_ss": 0.0017067984589819816, "iste": 2.915918202401515, "mse": 7.513844137266607e-08, "Ts_norm": 1.0, "Os_norm": 1.0, "iste_norm": 1.0, "Total_ax": 1.0}, "r": {"Ts": 1.8250000000000002, "Ys": 1.9808543912542869, "Os": 36.59469337237147, "Tp": 1.0125000000000002, "y_max": 2.7318938674474293, "Tr": 0.39583333333333304, "Tr_i": 0.21250000000000036, "Tr_f": 0.6083333333333334, "e_ss_abs": 0.01914560874571314, "e_ss": 0.9665328673446837, "iste": 842.7217758427496, "mse": 0.07549681154578927, "Ts_norm": 1.0, "Os_norm": 1.0, "iste_norm": 1.0, "Total_ax": 1.0}, "Q": 108855.62090776947, "Total": 1.0}, "LSTMCNN": {"path": "../Models/LSTMCNN/Dataset_Final_LSTMCNN_Tuner_4.h5", "Stable": true, "x": {"Ts": 4.804166666666667, "Ys": -0.7230287123732334, "Os": 107.57416248346475, "Tp": 2.875, "y_max": 0.05421725703826353, "Tr": 1.020833333333333, "Tr_i": 2.395833333333333, "Tr_f": 3.416666666666666, "e_ss_abs": 0.7230287123732334, "e_ss": 100.0, "iste": 28690.540776610163, "mse": 0.30111034410644166, "Ts_norm": 0.3212594037336306, "Os_norm": 807451596792041.8, "iste_norm": 1856606925931206.2, "Total_ax": 888019507574416.1}, "y": {"Ts": 4.9541666666666675, "Ys": -0.2229224651063165, "Os": 180.97938192117314, "Tp": 3.529166666666667, "y_max": 0.17869694787448487, "Tr": 3.445833333333333, "Tr_i": 0.5, "Tr_f": 3.945833333333333, "e_ss_abs": 0.2229224651063165, "e_ss": 100.0, "iste": 8829.23804460944, "mse": 0.028112440668355946, "Ts_norm": 0.3311977715877438, "Os_norm": 2037646692454845.0, "iste_norm": 660268790337631.8, "Total_ax": 899305160930825.6}, "z": {"Ts": 5.512499999999999, "Ys": 0.013354498426440976, "Os": 3.8678486201913165, "Tp": -1.25, "y_max": 1.0386784862019132, "Tr": 0.0, "Tr_i": -5.0, "Tr_f": -5.0, "e_ss_abs": 0.986645501573559, "e_ss": 7388.113503537278, "iste": 38745.19588803019, "mse": 0.547254369071254, "Ts_norm": 0.3680111265646731, "Os_norm": 52.745738566543615, "iste_norm": 13287.476945039169, "Total_ax": 4446.863564910758}, "r": {"Ts": 5.2125, "Ys": 1.3856338691713186, "Os": 28.39895353930966, "Tp": 0.9833333333333334, "y_max": 2.567979070786193, "Tr": 0.4041666666666668, "Tr_i": 0.2333333333333334, "Tr_f": 0.6375000000000002, "e_ss_abs": 0.6143661308286814, "e_ss": 44.33827322625309, "iste": 14071.399103494357, "mse": 0.3841110771809651, "Ts_norm": 2.856164383561644, "Os_norm": 0.7760402102658555, "iste_norm": 16.69756200309704, "Total_ax": 6.7765888656415125}, "Q": 2894969.5531341005, "Total": 888019507574416.1}}}