{"name": "perturbaciones", "ref": {"z": {"trajectory": "stop", "params": -0.1}, "x": {"trajectory": "stop", "params": 0.0}, "y": {"trajectory": "stop", "params": 0.0}, "r": {"trajectory": "stop", "params": 0.0}}, "ctrls": {"DSLPID": {"Stable": false, "x": {"Ts": 14.904166666666665, "Ys": 0.0006539329496450199, "Os": 0.2545897428684274, "Tp": 6.208333333333334, "y_max": 0.002545897428684274, "Tr": 0.0, "Tr_i": -5.0, "Tr_f": -5.0, "e_ss_abs": 0.0006539329496450199, "e_ss": 100.0, "iste": 72.89410927655213, "mse": 1.6443561877500136e-05, "Ts_norm": 1.0, "Os_norm": 1.0, "iste_norm": 1.0, "Total_ax": 1.0}, "y": {"Ts": 14.904166666666665, "Ys": 0.0006262884224820541, "Os": 0.2672138590108508, "Tp": 6.2041666666666675, "y_max": 0.002672138590108508, "Tr": 0.0, "Tr_i": -5.0, "Tr_f": -5.0, "e_ss_abs": 0.0006262884224820541, "e_ss": 100.0, "iste": 70.24566675148746, "mse": 1.533765949126703e-05, "Ts_norm": 1.0, "Os_norm": 1.0, "iste_norm": 1.0, "Total_ax": 1.0}, "z": {"Ts": 6.058333333333334, "Ys": 0.9911055130977479, "Os": 0.15679724808637108, "Tp": 8.2, "y_max": 1.0015679724808637, "Tr": 0.0, "Tr_i": -5.0, "Tr_f": -5.0, "e_ss_abs": 0.008894486902252141, "e_ss": 0.8974308774100141, "iste": 145.1743339583152, "mse": 9.852830320837172e-05, "Ts_norm": 1.0, "Os_norm": 1.0, "iste_norm": 1.0, "Total_ax": 1.0}, "r": {"Ts": 13.783333333333335, "Ys": -2.4902093424690327e-05, "Os": 10.000000000000009, "Tp": 5.0, "y_max": 0.10000000000000009, "Tr": 0.0, "Tr_i": -5.0, "Tr_f": -5.0, "e_ss_abs": 2.4902093424690327e-05, "e_ss": 100.0, "iste": 71.2890830826413, "mse": 9.406758775511578e-05, "Ts_norm": 1.0, "Os_norm": 1.0, "iste_norm": 1.0, "Total_ax": 1.0}, "Q": 158833.29698726375, "Total": 1.0}, "ANN": {"path": "../Models/ANN/Dataset_Final_ANN_10.h5", "Stable": false, "x": {"Ts": 14.962499999999999, "Ys": -0.0010836242857743, "Os": 663.186050611122, "Tp": -4.158333333333333, "y_max": 0.006187915357791086, "Tr": 0.1583333333333333, "Tr_i": -4.791666666666667, "Tr_f": -4.633333333333334, "e_ss_abs": 0.0010836242857743, "e_ss": 100.0, "iste": 115.21110994869109, "mse": 1.773137001131871e-05, "Ts_norm": 1.0039138943248533, "Os_norm": 2604.920540549264, "iste_norm": 1.5805270287560957, "Total_ax": 869.1683271574482}, "y": {"Ts": 14.899999999999999, "Ys": 0.0029429545758285986, "Os": 1.0943332861112127, "Tp": 14.870833333333334, "y_max": 0.002945701309872901, "Tr": 7.629166666666667, "Tr_i": -4.575, "Tr_f": 3.054166666666667, "e_ss_abs": 0.0029429545758285986, "e_ss": 100.0, "iste": 93.82849866193227, "mse": 1.0699570029706895e-05, "Ts_norm": 0.9997204361196533, "Os_norm": 4.095346289904727, "iste_norm": 1.335719383145373, "Total_ax": 2.143595369723251}, "z": {"Ts": 12.541666666666668, "Ys": 1.1722769465037353, "Os": 18.744366216312525, "Tp": 1.0083333333333337, "y_max": 1.1874436621631252, "Tr": 0.0, "Tr_i": -5.0, "Tr_f": -5.0, "e_ss_abs": 0.17227694650373526, "e_ss": 14.695925482245789, "iste": 6800.653283103872, "mse": 0.020125084204032615, "Ts_norm": 2.0701513067400277, "Os_norm": 119.54524996502026, "iste_norm": 46.84473555123446, "Total_ax": 56.153378940998245}, "r": {"Ts": 14.991666666666667, "Ys": -0.025222534706135342, "Os": 880.2383926412622, "Tp": 5.0, "y_max": 0.14458830266277203, "Tr": 3.7791666666666663, "Tr_i": -4.845833333333333, "Tr_f": -1.0666666666666669, "e_ss_abs": 0.025222534706135342, "e_ss": 100.0, "iste": 994.7456058552812, "mse": 0.0005901977377625754, "Ts_norm": 1.0876662636033856, "Os_norm": 88.02383926412614, "iste_norm": 13.95368775752285, "Total_ax": 34.35506442841746}, "Q": 294425.6348030935, "Total": 869.1683271574482}, "LSTM": {"path": "../Models/LSTM/Dataset_Final_LSTM_0.h5", "Stable": false, "x": {"Ts": 14.991666666666667, "Ys": 0.003901795949950346, "Os": 40.47278514194202, "Tp": 7.0, "y_max": 0.005823103511853672, "Tr": 0.31666666666666665, "Tr_i": -4.691666666666666, "Tr_f": -4.375, "e_ss_abs": 0.003901795949950346, "e_ss": 100.0, "iste": 166.38143651217783, "mse": 2.7411218498232405e-05, "Ts_norm": 1.00587084148728, "Os_norm": 158.97256773167982, "iste_norm": 2.282508671324115, "Total_ax": 54.0869824148304}, "y": {"Ts": 14.991666666666667, "Ys": 0.004620877422243685, "Os": 51.71050865449217, "Tp": 13.908333333333335, "y_max": 0.007489069612477331, "Tr": 4.791666666666667, "Tr_i": -4.608333333333333, "Tr_f": 0.18333333333333357, "e_ss_abs": 0.004620877422243685, "e_ss": 100.0, "iste": 175.32779179248288, "mse": 1.9461152964340198e-05, "Ts_norm": 1.00587084148728, "Os_norm": 193.51731547873177, "iste_norm": 2.4959232348487927, "Total_ax": 65.67303651835594}, "z": {"Ts": 9.9125, "Ys": 1.0876252071359136, "Os": 10.17644650978129, "Tp": -2.120833333333333, "y_max": 1.101764465097813, "Tr": 0.0, "Tr_i": -5.0, "Tr_f": -5.0, "e_ss_abs": 0.0876252071359136, "e_ss": 8.056562735122746, "iste": 3614.8800803534295, "mse": 0.0059152813815959064, "Ts_norm": 1.636176066024759, "Os_norm": 64.90194588221114, "iste_norm": 24.900269777654998, "Total_ax": 30.479463908630297}, "r": {"Ts": 14.958333333333332, "Ys": -0.016233383919424672, "Os": 697.0284880077934, "Tp": 5.0, "y_max": 0.09808397577571208, "Tr": 9.770833333333334, "Tr_i": -4.770833333333333, "Tr_f": 5.0, "e_ss_abs": 0.016233383919424672, "e_ss": 100.0, "iste": 453.5967540188066, "mse": 0.0001840986759025611, "Ts_norm": 1.0852478839177748, "Os_norm": 69.70284880077928, "iste_norm": 6.362780027525087, "Total_ax": 25.716958904074048}, "Q": 183456.64604312956, "Total": 54.0869824148304}, "LSTMCNN": {"path": "../Models/LSTMCNN/Dataset_Final_LSTMCNN_Tuner_4.h5", "Stable": false, "x": {"Ts": 10.216666666666667, "Ys": 0.006157022166356627, "Os": 19.24137214462754, "Tp": -4.158333333333333, "y_max": 0.007416592702337109, "Tr": 0.3, "Tr_i": -4.695833333333334, "Tr_f": -4.395833333333333, "e_ss_abs": 0.006157022166356627, "e_ss": 100.0, "iste": 301.2632162464622, "mse": 4.702460473645789e-05, "Ts_norm": 0.6854906346100085, "Os_norm": 75.57795505756698, "iste_norm": 4.132888366925552, "Total_ax": 26.798778019700848}, "y": {"Ts": 12.045833333333334, "Ys": -0.00031263609879731823, "Os": 0.897497528030744, "Tp": 6.166666666666666, "y_max": 0.00897497528030744, "Tr": 0.0, "Tr_i": -5.0, "Tr_f": -5.0, "e_ss_abs": 0.00031263609879731823, "e_ss": 100.0, "iste": 50.17088219087201, "mse": 8.30364034645567e-06, "Ts_norm": 0.8082191780821919, "Os_norm": 3.3587237254572906, "iste_norm": 0.7142203143770378, "Total_ax": 1.627054405972173}, "z": {"Ts": 7.0625, "Ys": 1.0278264201546214, "Os": 3.8678486201913165, "Tp": -1.25, "y_max": 1.0386784862019132, "Tr": 0.0, "Tr_i": -5.0, "Tr_f": -5.0, "e_ss_abs": 0.027826420154621445, "e_ss": 2.707307343825173, "iste": 1725.7225205787606, "mse": 0.0012618453120043238, "Ts_norm": 1.1657496561210454, "Os_norm": 24.667834846570322, "iste_norm": 11.887242555383638, "Total_ax": 12.573609019358333}, "r": {"Ts": 8.7125, "Ys": -0.024992490272945117, "Os": 396.23800905824464, "Tp": 5.020833333333334, "y_max": 0.07479705014768796, "Tr": 0.22500000000000003, "Tr_i": -4.8875, "Tr_f": -4.6625, "e_ss_abs": 0.024992490272945117, "e_ss": 100.0, "iste": 1224.0378066074604, "mse": 0.0006879237144712814, "Ts_norm": 0.6321039903264812, "Os_norm": 39.62380090582443, "iste_norm": 17.170059617522426, "Total_ax": 19.141988171224448}, "Q": 150638.95469491684, "Total": 26.798778019700848}, "CLSTM": {"path": "../Models/CLSTM/Dataset_Final_CLSTM_Tuner_2_2.h5", "Stable": false, "x": {"Ts": 14.95, "Ys": -0.011244059945284546, "Os": 100.0, "Tp": -5.0, "y_max": 0.0, "Tr": 0.30833333333333335, "Tr_i": -4.620833333333334, "Tr_f": -4.3125, "e_ss_abs": 0.011244059945284546, "e_ss": 100.0, "iste": 677.3521784390599, "mse": 0.00021963169139702706, "Ts_norm": 1.0030752026838132, "Os_norm": 392.7888015963009, "iste_norm": 9.29227594879116, "Total_ax": 134.3613842492586}, "y": {"Ts": 14.991666666666667, "Ys": -0.00045189701795676486, "Os": 0.8738499515959397, "Tp": 11.208333333333332, "y_max": 0.008738499515959397, "Tr": 0.0, "Tr_i": -5.0, "Tr_f": -5.0, "e_ss_abs": 0.00045189701795676486, "e_ss": 100.0,