{"name": "Espiral", "ref": {"z": {"trajectory": "ramp", "params": 0.25}, "x": {"trajectory": "sin", "params": 0.3}, "y": {"trajectory": "cos", "params": 0.3}, "r": {"trajectory": "stop", "params": 0.0}}, "ctrls": {"DSLPID": {"Stable": true, "x": {"Ts": 2.3, "Ys": 0.554752965225385, "Os": 156.25566520461894, "Tp": 2.5999999999999996, "y_max": 0.561113343005503, "Tr": 0.6749999999999998, "Tr_i": 0.32083333333333375, "Tr_f": 0.9958333333333336, "e_ss_abs": 0.33578674547080645, "e_ss": 60.52905825106911, "iste": 64871.508628418844, "mse": 0.17844059275637753, "Ts_norm": 1.0, "Os_norm": 1.0, "iste_norm": 1.0, "Total_ax": 1.0}, "y": {"Ts": 14.779166666666665, "Ys": 0.10118588994314459, "Os": 608.110864589505, "Tp": 1.5958333333333332, "y_max": 1.041984061360235, "Tr": 0.25416666666666643, "Tr_i": 0.2791666666666668, "Tr_f": 0.5333333333333332, "e_ss_abs": 0.3062561086644148, "e_ss": 302.6668133635008, "iste": 40062.21483305516, "mse": 0.07498209864445912, "Ts_norm": 1.0, "Os_norm": 1.0, "iste_norm": 1.0, "Total_ax": 1.0}, "z": {"Ts": 14.941666666666666, "Ys": 0.012991067805190042, "Os": 61.004967698889345, "Tp": 1.6624999999999996, "y_max": 1.3627951392731903, "Tr": 0.0, "Tr_i": -5.0, "Tr_f": -5.0, "e_ss_abs": 3.4818005988614766, "e_ss": 26801.496621166643, "iste": 36739.14550479919, "mse": 5.625051626952497, "Ts_norm": 1.0, "Os_norm": 1.0, "iste_norm": 1.0, "Total_ax": 1.0}, "r": {"Ts": 14.850000000000001, "Ys": 0.8914632305560231, "Os": 0.00886125858065887, "Tp": 14.995833333333334, "y_max": 0.9006107442028399, "Tr": 13.404166666666667, "Tr_i": 0.5374999999999996, "Tr_f": 13.941666666666666, "e_ss_abs": 0.8914632305560231, "e_ss": 100.0, "iste": 19562.163240286234, "mse": 0.1487919362457815, "Ts_norm": 1.0, "Os_norm": 1.0, "iste_norm": 1.0, "Total_ax": 1.0}, "Q": 17294700.33926096, "Total": 1.0}, "LSTMCNN": {"path": "../Models/LSTMCNN/Dataset_Final_LSTMCNN_Tuner_4.h5", "Stable": false, "x": {"Ts": 14.304166666666667, "Ys": 0.2280300415461767, "Os": 92.70093873430855, "Tp": 6.241666666666667, "y_max": 0.42194996097810183, "Tr": 0.7374999999999998, "Tr_i": 0.2833333333333332, "Tr_f": 1.020833333333333, "e_ss_abs": 0.009063821791598148, "e_ss": 3.974836705786724, "iste": 21572.946333005613, "mse": 0.04062371146348768, "Ts_norm": 6.2192028985507255, "Os_norm": 0.5932644977250291, "iste_norm": 0.3325488614204196, "Total_ax": 2.3816720858987246}, "y": {"Ts": 14.375, "Ys": -0.19895666911564366, "Os": 226.0172929984578, "Tp": 7.720833333333333, "y_max": 0.25842393837856137, "Tr": 0.28750000000000053, "Tr_i": 0.2833333333333332, "Tr_f": 0.5708333333333337, "e_ss_abs": 0.006113549605626545, "e_ss": 3.072804562320573, "iste": 21392.48679886233, "mse": 0.039070824983683264, "Ts_norm": 0.9726529461516776, "Os_norm": 0.37167119707855734, "iste_norm": 0.5339816305216226, "Total_ax": 0.6261019245839525}, "z": {"Ts": 12.241666666666667, "Ys": 3.620625449263356, "Os": 4.967464071841818, "Tp": 13.858333333333334, "y_max": 3.668394187094055, "Tr": 14.858333333333333, "Tr_i": -5.0, "Tr_f": 9.858333333333333, "e_ss_abs": 0.12583378259668931, "e_ss": 3.4754708643582886, "iste": 2482.460606672445, "mse": 0.031336124957762584, "Ts_norm": 0.8192972671500279, "Os_norm": 0.08142720600001654, "iste_norm": 0.06756990595625487, "Total_ax": 0.3227647930354331}, "r": {"Ts": 14.991666666666667, "Ys": -0.007745549896589351, "Os": 1193.1760456856787, "Tp": 1.5541666666666663, "y_max": 0.0822149756735612, "Tr": 0.12083333333333332, "Tr_i": -4.9375, "Tr_f": -4.816666666666666, "e_ss_abs": 0.007745549896589351, "e_ss": 100.0, "iste": 1908.7656526634341, "mse": 0.002857257898628782, "Ts_norm": 1.009539842873176, "Os_norm": 134650.85516068546, "iste_norm": 0.09757436481935343, "Total_ax": 44883.98742496438}, "Q": 212832.29532410318, "Total": 11221.829490941975}}}