{"name": "escalon", "ref": {"z": {"trajectory": "step", "params": 0.1}, "x": {"trajectory": "step", "params": 0.1}, "y": {"trajectory": "step", "params": 0.1}, "r": {"trajectory": "step", "params": 0.1}}, "ctrls": {"DSLPID": {"Stable": false, "x": {"Ts": 10.166666666666666, "Ys": 0.10213339590181184, "Os": 5.811196093699913, "Tp": 1.9458333333333337, "y_max": 0.10581119609369992, "Tr": 0.4791666666666661, "Tr_i": 0.2625000000000002, "Tr_f": 0.7416666666666663, "e_ss_abs": 0.00213339590181183, "e_ss": 2.0888328278664274, "iste": 1743.3699909055556, "mse": 0.00019303299051671711, "Ts_norm": 1.0, "Os_norm": 1.0, "iste_norm": 1.0, "Total_ax": 1.0}, "y": {"Ts": 10.1125, "Ys": 0.10211452554429037, "Os": 5.761717175682704, "Tp": 1.9124999999999996, "y_max": 0.10576171717568271, "Tr": 0.4708333333333332, "Tr_i": 0.25833333333333375, "Tr_f": 0.729166666666667, "e_ss_abs": 0.0021145255442903688, "e_ss": 2.070739234226996, "iste": 1719.1422024779258, "mse": 0.00019073004202253168, "Ts_norm": 1.0, "Os_norm": 1.0, "iste_norm": 1.0, "Total_ax": 1.0}, "z": {"Ts": 0.8208333333333337, "Ys": 1.0898998894950234, "Os": 0.13485896184425608, "Tp": 3.020833333333334, "y_max": 1.101483448580287, "Tr": 0.0, "Tr_i": -5.0, "Tr_f": -5.0, "e_ss_abs": 0.010100110504976723, "e_ss": 0.92670075502589, "iste": 88.46348884510374, "mse": 0.00010808320336002785, "Ts_norm": 1.0, "Os_norm": 1.0, "iste_norm": 1.0, "Total_ax": 1.0}, "r": {"Ts": 0.9541666666666666, "Ys": 0.09908365687792198, "Os": 0.10094908558483384, "Tp": 2.5458333333333334, "y_max": 0.10010094908558484, "Tr": 0.25833333333333286, "Tr_i": 0.05833333333333357, "Tr_f": 0.31666666666666643, "e_ss_abs": 0.0009163431220780283, "e_ss": 0.924817624774414, "iste": 229.63357934408396, "mse": 4.1290331397990294e-05, "Ts_norm": 1.0, "Os_norm": 1.0, "iste_norm": 1.0, "Total_ax": 1.0}, "Q": 68211.9720649499, "Total": 1.0}, "ANN_feedback": {"path": "../Models/ANN_feedback/Dataset_Final_ANN_feedback_7.h5", "Stable": true, "x": {"Ts": -1.7166666666666668, "Ys": -1.2598988699664198, "Os": 23.73381255959332, "Tp": -4.358333333333333, "y_max": 0.07626618744040668, "Tr": 0.6, "Tr_i": -4.683333333333334, "Tr_f": -4.083333333333333, "e_ss_abs": 1.3598988699664198, "e_ss": 107.9371449870945, "iste": 653125.4549201474, "mse": 1.7002303222365494, "Ts_norm": -0.16885245901639345, "Os_norm": 4.084152759072067, "iste_norm": 374.6338748098421, "Total_ax": 126.18305836996592}, "y": {"Ts": -0.5458333333333334, "Ys": 0.14570680050877793, "Os": 85.47721856835457, "Tp": -3.2041666666666666, "y_max": 0.18547721856835458, "Tr": 0.31250000000000006, "Tr_i": -4.575, "Tr_f": -4.2625, "e_ss_abs": 0.04570680050877793, "e_ss": 31.369023511036726, "iste": 24360.430778733567, "mse": 0.007828648971745428, "Ts_norm": -0.053976102183765966, "Os_norm": 14.83537215764611, "iste_norm": 14.170108059485184, "Total_ax": 9.650501371649176}, "z": {"Ts": -0.2666666666666666, "Ys": 0.013352403202093409, "Os": 9.106376262626267, "Tp": -5.0, "y_max": 0.9998298611111112, "Tr": 0.0, "Tr_i": -5.0, "Tr_f": -5.0, "e_ss_abs": 1.0866475967979068, "e_ss": 8138.217370694294, "iste": 46937.04092892488, "mse": 1.0569041425702144, "Ts_norm": -0.32487309644670026, "Os_norm": 67.5251843710832, "iste_norm": 530.5809384378891, "Total_ax": 199.26041657084187}, "r": {"Ts": -0.4208333333333334, "Ys": 0.23129302969184878, "Os": 3028.798260637604, "Tp": -3.216666666666667, "y_max": 3.128798260637604, "Tr": 0.20833333333333337, "Tr_i": -4.8875, "Tr_f": -4.679166666666666, "e_ss_abs": 0.13129302969184878, "e_ss": 56.76480171787719, "iste": 71044.06144977035, "mse": 0.32553505797189525, "Ts_norm": -0.4410480349344979, "Os_norm": 30003.226310478218, "iste_norm": 309.3801074420289, "Total_ax": 10104.055123295104}, "Q": 12386930.285781808, "Total": 126.18305836996592}}}