{"name": "escalon y", "ref": {"z": {"trajectory": "step", "params": 0}, "x": {"trajectory": "step", "params": 0}, "y": {"trajectory": "step", "params": 0.3}, "r": {"trajectory": "step", "params": 0}}, "ctrls": {"DSLPID": {"Stable": true, "x": {"Ts": 14.829166666666666, "Ys": 1.3647176689149304e-06, "Os": 0.00013801139833180542, "Tp": 14.995833333333334, "y_max": 1.3801139833180542e-06, "Tr": 0.0, "Tr_i": -5.0, "Tr_f": -5.0, "e_ss_abs": 1.3647176689149304e-06, "e_ss": 100.0, "iste": 0.037041885169970264, "mse": 4.778371839748232e-13, "Ts_norm": 1.0, "Os_norm": 1.0, "iste_norm": 1.0, "Total_ax": 1.0}, "y": {"Ts": 2.1875, "Ys": 0.7804812495103652, "Os": 163.08553763095065, "Tp": 2.2333333333333334, "y_max": 0.789256612892852, "Tr": 0.30833333333333357, "Tr_i": 0.3125, "Tr_f": 0.6208333333333336, "e_ss_abs": 0.48048124951036525, "e_ss": 61.56217715823347, "iste": 70664.3270941397, "mse": 0.16161001589210028, "Ts_norm": 1.0, "Os_norm": 1.0, "iste_norm": 1.0, "Total_ax": 1.0}, "z": {"Ts": 2.3499999999999996, "Ys": 0.013346112673455505, "Os": 0.20245323648624414, "Tp": 0.29166666666666696, "y_max": 1.0020245323648624, "Tr": 0.0, "Tr_i": -5.0, "Tr_f": -5.0, "e_ss_abs": 0.9866538873265445, "e_ss": 7392.818504289498, "iste": 41820.07095975342, "mse": 0.6363070536957819, "Ts_norm": 1.0, "Os_norm": 1.0, "iste_norm": 1.0, "Total_ax": 1.0}, "r": {"Ts": 14.883333333333333, "Ys": -5.567419554957597e-05, "Os": 0.0017105807944561846, "Tp": 2.966666666666667, "y_max": 1.7105807944561846e-05, "Tr": 0.0, "Tr_i": -5.0, "Tr_f": -5.0, "e_ss_abs": 5.567419554957597e-05, "e_ss": 100.0, "iste": 1.1207144225011816, "mse": 5.072247473480859e-10, "Ts_norm": 1.0, "Os_norm": 1.0, "iste_norm": 1.0, "Total_ax": 1.0}, "Q": 17041791.670295887, "Total": 1.0}, "LSTMCNN": {"path": "../Models/LSTMCNN/Dataset_Final_LSTMCNN_Tuner_4.h5", "Stable": false, "x": {"Ts": 8.241666666666667, "Ys": 0.0032457950742215643, "Os": 4406.17877497792, "Tp": 1.8666666666666663, "y_max": 0.14774371281131318, "Tr": 0.1958333333333333, "Tr_i": -4.7375, "Tr_f": -4.541666666666667, "e_ss_abs": 0.0032457950742215643, "e_ss": 100.0, "iste": 315.8491945932376, "mse": 0.0004934286517815919, "Ts_norm": 0.5557740938465862, "Os_norm": 31926194.707372177, "iste_norm": 8526.81209781665, "Total_ax": 10644907.358414695}, "y": {"Ts": 4.370833333333334, "Ys": 0.3139672636274956, "Os": 21.83025752334622, "Tp": 0.8666666666666663, "y_max": 0.36549077257003865, "Tr": 0.32083333333333286, "Tr_i": 0.33750000000000036, "Tr_f": 0.6583333333333332, "e_ss_abs": 0.013967263627495619, "e_ss": 4.448636926704239, "iste": 3202.9929196473595, "mse": 0.004062332132950046, "Ts_norm": 1.9980952380952381, "Os_norm": 0.13385771565315818, "iste_norm": 0.04532687214837978, "Total_ax": 0.725759941965592}, "z": {"Ts": 4.362500000000001, "Ys": 1.0027374182291575, "Os": 6.179027332230924, "Tp": 1.5916666666666668, "y_max": 1.0617902733223092, "Tr": 0.0, "Tr_i": -5.0, "Tr_f": -5.0, "e_ss_abs": 0.0027374182291575178, "e_ss": 0.2729945227327629, "iste": 735.88895603682, "mse": 0.0005371198225596876, "Ts_norm": 1.8563829787234047, "Os_norm": 30.520763409236796, "iste_norm": 0.017596549674557486, "Total_ax": 10.798247645878252}, "r": {"Ts": 6.4625, "Ys": -0.07623796711715615, "Os": 127.97581191626422, "Tp": 0.9291666666666663, "y_max": 0.021543857075520072, "Tr": 5.991666666666666, "Tr_i": -4.804166666666666, "Tr_f": 1.1875, "e_ss_abs": 0.07623796711715615, "e_ss": 100.0, "iste": 3479.405827303306, "mse": 0.004855250640555498, "Ts_norm": 0.4342105263157895, "Os_norm": 74814.24574099077, "iste_norm": 3104.6319717542833, "Total_ax": 25973.103974423786}, "Q": 106362.91726376765, "Total": 10644907.358414695}}}