{"name": "escal\u00f3n", "ref": {"z": {"trajectory": "step", "params": 0.1}, "x": {"trajectory": "step", "params": 0.1}, "y": {"trajectory": "step", "params": 0.1}, "r": {"trajectory": "step", "params": 0.1}}, "ctrls": {"DSLPID": {"Stable": false, "x": {"Ts": 10.129166666666666, "Ys": 0.1021212868732652, "Os": 5.786370612983164, "Tp": 1.9625000000000004, "y_max": 0.10578637061298317, "Tr": 0.4791666666666661, "Tr_i": 0.2625000000000002, "Tr_f": 0.7416666666666663, "e_ss_abs": 0.0021212868732651963, "e_ss": 2.0772230141378465, "iste": 1725.6339113496133, "mse": 0.00019282440255068888, "Ts_norm": 1.0, "Os_norm": 1.0, "iste_norm": 1.0, "Total_ax": 1.0}, "y": {"Ts": 10.15, "Ys": 0.1021270802974377, "Os": 5.813685132473253, "Tp": 1.895833333333333, "y_max": 0.10581368513247326, "Tr": 0.4708333333333332, "Tr_i": 0.25833333333333375, "Tr_f": 0.729166666666667, "e_ss_abs": 0.002127080297437689, "e_ss": 2.0827779382732987, "iste": 1737.5253336642709, "mse": 0.00019098805811998477, "Ts_norm": 1.0, "Os_norm": 1.0, "iste_norm": 1.0, "Total_ax": 1.0}, "z": {"Ts": 0.8166666666666664, "Ys": 1.0898190990415275, "Os": 0.1347440552693949, "Tp": 3.020833333333334, "y_max": 1.1014821846079634, "Tr": 0.0, "Tr_i": -5.0, "Tr_f": -5.0, "e_ss_abs": 0.010180900958472572, "e_ss": 0.9341826517287553, "iste": 88.38272336369243, "mse": 0.00010806406760847564, "Ts_norm": 1.0, "Os_norm": 1.0, "iste_norm": 1.0, "Total_ax": 1.0}, "r": {"Ts": 0.8083333333333336, "Ys": 0.10110307143580105, "Os": 2.247709527446684, "Tp": 0.7833333333333332, "y_max": 0.10224770952744669, "Tr": 0.25833333333333286, "Tr_i": 0.05833333333333357, "Tr_f": 0.31666666666666643, "e_ss_abs": 0.0011030714358010452, "e_ss": 1.091036523555547, "iste": 225.2929628434031, "mse": 4.1248985004269354e-05, "Ts_norm": 1.0, "Os_norm": 1.0, "iste_norm": 1.0, "Total_ax": 1.0}, "Q": 70010.55400456727, "Total": 1.0}, "ANN_feedback_1": {"path": "../tmp/ANN_Feedback/Dataset_Final_ANN_Feedback_0.h5", "Stable": true, "x": {"Ts": 14.875, "Ys": -128.53224762241632, "Os": 5302.514408897823, "Tp": 0.7374999999999998, "y_max": 5.402514408897823, "Tr": 0.5416666666666666, "Tr_i": -4.525, "Tr_f": -3.9833333333333334, "e_ss_abs": 128.63224762241632, "e_ss": 100.07780148705854, "iste": 32098870.661522433, "mse": 3677.070860742411, "Ts_norm": 1.4685314685314685, "Os_norm": 916.3800184178165, "iste_norm": 18601.205302240494, "Total_ax": 6506.351284042281}, "y": {"Ts": 14.883333333333333, "Ys": -75.96683714480878, "Os": 7474.069308291024, "Tp": 0.029166666666666785, "y_max": 7.574069308291024, "Tr": 0.5083333333333333, "Tr_i": -4.583333333333333, "Tr_f": -4.075, "e_ss_abs": 76.06683714480877, "e_ss": 100.13163638734804, "iste": 19443589.002020717, "mse": 1344.7899098954724, "Ts_norm": 1.4663382594417076, "Os_norm": 1285.5992607070227, "iste_norm": 11190.391659508117, "Total_ax": 4159.152419491527}, "z": {"Ts": 14.716666666666665, "Ys": 201.20263717659614, "Os": 18389.24550903883, "Tp": 14.995833333333334, "y_max": 203.38170059942715, "Tr": 0.0, "Tr_i": -5.0, "Tr_f": -5.0, "e_ss_abs": 200.10263717659615, "e_ss": 99.45328748398336, "iste": 5503797.4078403525, "mse": 12159.801772291032, "Ts_norm": 18.02040816326531, "Os_norm": 136475.37527554043, "iste_norm": 62272.32199207508, "Total_ax": 66255.23922525957}, "r": {"Ts": 14.991666666666667, "Ys": -0.46145914791872134, "Os": 3040.4066829640124, "Tp": 3.6999999999999993, "y_max": 3.140406682964013, "Tr": 0.2708333333333333, "Tr_i": -4.841666666666667, "Tr_f": -4.570833333333334, "e_ss_abs": 0.5614591479187213, "e_ss": 121.6703906404329, "iste": 736012.2969747918, "mse": 3.015210339375773, "Ts_norm": 18.546391752577314, "Os_norm": 1352.6688594935144, "iste_norm": 3266.9120583512413, "Total_ax": 1546.0424365324443}, "Q": 977029882.0957227, "Total": 6506.351284042281}, "ANN_feedback_2": {"path": "../tmp/ANN_Feedback/Dataset_Final_ANN_Feedback_3.h5", "Stable": true, "x": {"Ts": 12.816666666666666, "Ys": -0.47099492001555293, "Os": 40.885175125882924, "Tp": -4.158333333333333, "y_max": 0.05911482487411708, "Tr": 0.7416666666666666, "Tr_i": -4.533333333333333, "Tr_f": -3.791666666666667, "e_ss_abs": 0.570994920015553, "e_ss": 121.23165149991382, "iste": 272326.5179509891, "mse": 0.2849025435501021, "Ts_norm": 1.265322912381736, "Os_norm": 7.065771942458516, "iste_norm": 157.8124515054316, "Total_ax": 55.381182120090614}, "y": {"Ts": 12.820833333333333, "Ys": 0.13539522773211593, "Os": 142.11473360040296, "Tp": -3.5625, "y_max": 0.24211473360040298, "Tr": 0.5666666666666667, "Tr_i": -4.508333333333334, "Tr_f": -3.9416666666666664, "e_ss_abs": 0.035395227732115925, "e_ss": 26.142153106124677, "iste": 16971.56347576481, "mse": 0.004310244013893512, "Ts_norm": 1.263136288998358, "Os_norm": 24.444862486032953, "iste_norm": 9.767663899307554, "Total_ax": 11.825220891446287}, "z": {"Ts": 14.858333333333334, "Ys": 0.013778085242585168, "Os": 9.106376262626267, "Tp": -5.0, "y_max": 0.9998298611111112, "Tr": 0.0, "Tr_i": -5.0, "Tr_f": -5.0, "e_ss_abs": 1.086221914757415, "e_ss": 7883.692803700555, "iste": 46889.52436665853, "mse": 1.0485758020086178, "Ts_norm": 18.193877551020414, "Os_norm": 67.58276826699192, "iste_norm": 530.5281686524803, "Total_ax": 205.43493815683087}, "r": {"Ts": 14.825, "Ys": -1.0309055324787744, "Os": 3036.434068313305, "Tp": -3.208333333333333, "y_max": 3.136434068313305, "Tr": 0.5625000000000001, "Tr_i": -4.454166666666667, "Tr_f": -3.8916666666666666, "e_ss_abs": 1.1309055324787745, "e_ss": 109.70020984944699, "iste": 339889.2656602735, "mse": 0.6441537012683535, "Ts_norm": 18.340206185567006, "Os_norm": 1350.901453784637, "iste_norm": 1508.654604078886, "Total_ax": 959.29875468303}, "Q": 11047331.386966076, "Total": 55.381182120090614}, "ANN_feedback_3": {"path": "../tmp/ANN_Feedback/Dataset_Final_ANN_Feedback_7.h5", "Stable": true, "x": {"Ts": -1.7166666666666668, "Ys": -1.2598988699664198, "Os": 23.73381255959332, "Tp": -4.358333333333333, "y_max": 0.07626618744040668, "Tr": 0.6, "Tr_i": -4.683333333333334, "Tr_f": -4.083333333333333, "e_ss_abs": 1.3598988699664198, "e_ss": 107.9371449870945, "iste": 653125.4549201474, "mse": 1.7002303222365494, "Ts_norm": -0.16947758124228715, "Os_norm": 4.101675151318618, "iste_norm": 378.4843648612236, "Total_ax": 127.47218747709996}, "y": {"Ts": -0.5458333333333334, "Ys": 0.14570680050877793, "Os": 85.47721856835457, "Tp": -3.2041666666666666, "y_max": 0.18547721856835458, "Tr": 0.31250000000000006, "Tr_i": -4.575, "Tr_f": -4.2625, "e_ss_abs": 0.04570680050877793, "e_ss": 31.369023511036726, "iste": 24360.430778733567, "mse": 0.007828648971745428, "Ts_norm": -0.05377668308702792, "Os_norm": 14.702760232216244, "iste_norm": 14.02018739338885, "Total_ax": 9.556390314172688}, "z": {"Ts": -0.2666666666666666, "Ys": 0.013352403202093409, "Os": 9.106376262626267, "Tp": -5.0, "y_max": 0.9998298611111112, "Tr": 0.0, "Tr_i": -5.0, "Tr_f": -5.0, "e_ss_abs": 1.0866475967979068, "e_ss": 8138.217370694294, "iste": 46937.04092892488, "mse": 1.0569041425702144, "Ts_norm": -0.326530612244898, "Os_norm": 67.58276826699192, "iste_norm": 531.0657913965863, "Total_ax": 199.44067635044442}, "r": {"Ts": -0.4208333333333334, "Ys": 0.23129302969184878, "Os": 3028.798260637604, "Tp": -3.216666666666667, "y_max": 3.128798260637604, "Tr": 0.20833333333333337, "Tr_i": -4.8875, "Tr_f": -4.679166666666666, "e_ss_abs": 0.13129302969184878, "e_ss": 56.76480171787719, "iste": 71044.06144977035, "mse": 0.32553505797189525, "Ts_norm": -0.5206185567010309, "Os_norm": 1347.5043032264975, "iste_norm": 315.34079250913726, "Total_ax": 554.1081590596445}, "Q": 12386930.285781808, "Total": 127.47218747709996}, "ANN_feedback_4": {"path": "../tmp/ANN_Feedback/Dataset_Final_ANN_Feedback_8.h5", "Stable": true, "x": {"Ts": -2.3875, "Ys": -3.3764851417451496, "Os": 62.472309275868795, "Tp": -4.395833333333333, "y_max": 0.0375276907241312, "Tr": 0.5, "Tr_i": -4.629166666666666, "Tr_f": -4.129166666666666, "e_ss_abs": 3.4764851417451497, "e_ss": 102.96165970830586, "iste": 1670396.8535572644,