{"name": "quieto", "ref": {}, "ctrls": {"DSLPID": {"Stable": false, "x": {"Ts": 21.979166666666668, "Ys": 0.0, "Os": 0.0, "Tp": -8.0, "y_max": 0.0, "Tr": 0.0, "Tr_i": -8.0, "Tr_f": -8.0, "e_ss_abs": 0.0, "e_ss": NaN, "iste": 0.0, "mse": 0.0, "Ts_norm": 1.0, "Os_norm": NaN, "iste_norm": NaN, "Total_ax": NaN}, "y": {"Ts": 21.979166666666668, "Ys": 0.0, "Os": 0.0, "Tp": -8.0, "y_max": 0.0, "Tr": 0.0, "Tr_i": -8.0, "Tr_f": -8.0, "e_ss_abs": 0.0, "e_ss": NaN, "iste": 0.0, "mse": 0.0, "Ts_norm": 1.0, "Os_norm": NaN, "iste_norm": NaN, "Total_ax": NaN}, "z": {"Ts": 21.979166666666668, "Ys": 1.000033821818923, "Os": 0.010141641866101558, "Tp": -5.391666666666667, "y_max": 1.000101416418661, "Tr": 0.0, "Tr_i": -8.0, "Tr_f": -8.0, "e_ss_abs": 3.3821818923085445e-05, "e_ss": 0.003382067504633817, "iste": 5.7376643880607645, "mse": 2.5936115333492967e-08, "Ts_norm": 1.0, "Os_norm": 1.0, "iste_norm": 1.0, "Total_ax": 1.0}, "r": {"Ts": 21.979166666666668, "Ys": 0.0, "Os": 0.0, "Tp": -8.0, "y_max": 0.0, "Tr": 0.0, "Tr_i": -8.0, "Tr_f": -8.0, "e_ss_abs": 0.0, "e_ss": NaN, "iste": 0.0, "mse": 0.0, "Ts_norm": 1.0, "Os_norm": NaN, "iste_norm": NaN, "Total_ax": NaN}, "Q": 29450.7792207904, "Total": NaN}, "LSTMCNN": {"path": "../Models/LSTMCNN/Dataset_Final_LSTMCNN_Tuner_4.h5", "Stable": false, "x": {"Ts": -4.491666666666667, "Ys": 0.00598292987873903, "Os": 22.165919640508143, "Tp": -7.158333333333333, "y_max": 0.00738313029553537, "Tr": 0.29583333333333334, "Tr_i": -7.7, "Tr_f": -7.404166666666667, "e_ss_abs": 0.00598292987873903, "e_ss": 100.0, "iste": 652.2672336287875, "mse": 3.5928774545074154e-05, "Ts_norm": -0.20436018957345972, "Os_norm": Infinity, "iste_norm": Infinity, "Total_ax": Infinity}, "y": {"Ts": -2.145833333333333, "Ys": -0.00045075242361985123, "Os": 0.0, "Tp": -8.0, "y_max": 0.0, "Tr": 0.0, "Tr_i": -8.0, "Tr_f": -8.0, "e_ss_abs": 0.00045075242361985123, "e_ss": 100.0, "iste": 48.86469806743267, "mse": 5.38558205526096e-07, "Ts_norm": -0.09763033175355448, "Os_norm": NaN, "iste_norm": Infinity, "Total_ax": NaN}, "z": {"Ts": -6.354166666666667, "Ys": 1.0299838749229084, "Os": 4.052210023026159, "Tp": -3.341666666666667, "y_max": 1.0405221002302616, "Tr": 0.0, "Tr_i": -8.0, "Tr_f": -8.0, "e_ss_abs": 0.029983874922908438, "e_ss": 2.911101392257491, "iste": 4352.20120873353, "mse": 0.0015419350780039459, "Ts_norm": -0.2890995260663507, "Os_norm": 399.56153811452094, "iste_norm": 758.5318544928874, "Total_ax": 385.9347643604473}, "r": {"Ts": -5.304166666666667, "Ys": -0.024450023740135565, "Os": 100.0, "Tp": -8.0, "y_max": 0.0, "Tr": 0.22083333333333333, "Tr_i": -7.8875, "Tr_f": -7.666666666666667, "e_ss_abs": 0.024450023740135565, "e_ss": 100.0, "iste": 2664.0920910753175, "mse": 0.0005918232198552317, "Ts_norm": -0.24132701421800948, "Os_norm": Infinity, "iste_norm": Infinity, "Total_ax": Infinity}, "Q": 30014.714191327435, "Total": NaN}}}