{"name": "several", "ref": {"z": {"trajectory": "ramp", "params": 0.1}, "x": {"trajectory": "noise", "params": 0.1}, "y": {"trajectory": "chirp", "params": 0.2}, "r": {"trajectory": "noise", "params": 1}}, "ctrls": {"DSLPID": {"Stable": false, "x": {"Ts": 13.991666666666667, "Ys": 0.017614221771871878, "Os": 11.132367600303821, "Tp": 11.466666666666665, "y_max": 0.017999787257961027, "Tr": 2.658333333333334, "Tr_i": 2.7333333333333334, "Tr_f": 5.3916666666666675, "e_ss_abs": 0.0014175118064199965, "e_ss": 8.047541496744516, "iste": 9382.712925101849, "mse": 2.657703344314824e-05, "Ts_norm": 1.0, "Os_norm": 1.0, "iste_norm": 1.0, "Total_ax": 1.0}, "y": {"Ts": 13.287500000000001, "Ys": 0.20985324906466976, "Os": 6.499133180675686, "Tp": 11.2, "y_max": 0.21253426235265468, "Tr": 0.4375, "Tr_i": 0.28749999999999964, "Tr_f": 0.7249999999999996, "e_ss_abs": 0.010288937126007786, "e_ss": 4.902920098624291, "iste": 6453.480694712887, "mse": 0.0017483226027442756, "Ts_norm": 1.0, "Os_norm": 1.0, "iste_norm": 1.0, "Total_ax": 1.0}, "z": {"Ts": 10.208333333333334, "Ys": 1.9829018449564004, "Os": 0.2870974801993157, "Tp": 12.1375, "y_max": 2.003652635073149, "Tr": 13.325, "Tr_i": -5.0, "Tr_f": 8.325, "e_ss_abs": 0.015014821710266357, "e_ss": 0.7572145715864468, "iste": 519.0083654509971, "mse": 0.0008234714161996839, "Ts_norm": 1.0, "Os_norm": 1.0, "iste_norm": 1.0, "Total_ax": 1.0}, "r": {"Ts": 10.241666666666667, "Ys": 0.0049498477809253654, "Os": 1814.1603064854867, "Tp": 5.0, "y_max": 0.09416741624463142, "Tr": 0.5708333333333329, "Tr_i": 4.3291666666666675, "Tr_f": 4.9, "e_ss_abs": 3.033210997675697e-05, "e_ss": 0.6127887425880889, "iste": 15348.582918582943, "mse": 9.845357389129969e-05, "Ts_norm": 1.0, "Os_norm": 1.0, "iste_norm": 1.0, "Total_ax": 1.0}, "Q": 163902.74162481353, "Total": 1.0}, "LSTMCNN": {"path": "../Models/LSTMCNN/Dataset_Final_LSTMCNN_Tuner_4.h5", "Stable": false, "x": {"Ts": 14.104166666666668, "Ys": 0.012385413456292335, "Os": 50.67256481951178, "Tp": 8.233333333333333, "y_max": 0.015843730888715324, "Tr": 8.154166666666667, "Tr_i": -4.658333333333333, "Tr_f": 3.4958333333333336, "e_ss_abs": 0.0018700745107488835, "e_ss": 15.099007532920133, "iste": 18340.10266785716, "mse": 5.685925589896773e-05, "Ts_norm": 1.0080405002977963, "Os_norm": 4.551822814234848, "iste_norm": 1.954669487839849, "Total_ax": 2.5048442674574973}, "y": {"Ts": 10.4375, "Ys": 0.20445390577387737, "Os": 4.2262343894629915, "Tp": 11.287500000000001, "y_max": 0.2079983675189089, "Tr": 0.3624999999999998, "Tr_i": 0.2999999999999998, "Tr_f": 0.6624999999999996, "e_ss_abs": 0.0048895938352153945, "e_ss": 2.39153848233313, "iste": 6519.994280905186, "mse": 0.0019128401829116926, "Ts_norm": 0.7855126999059265, "Os_norm": 0.6502766248934768, "iste_norm": 1.0103066220135735, "Total_ax": 0.8153653156043257}, "z": {"Ts": 11.029166666666665, "Ys": 2.004031520765245, "Os": 1.3542313256340872, "Tp": 13.441666666666666, "y_max": 2.024973080026731, "Tr": 13.416666666666666, "Tr_i": -5.0, "Tr_f": 8.416666666666666, "e_ss_abs": 0.00611485409857826, "e_ss": 0.3051276407191083, "iste": 905.3378255603013, "mse": 0.0018951646697139104, "Ts_norm": 1.080408163265306, "Os_norm": 4.716973916642948, "iste_norm": 1.7443607576028177, "Total_ax": 2.513914279170357}, "r": {"Ts": 13.641666666666666, "Ys": 0.014508880105282066, "Os": 87.41342681698359, "Tp": 5.025, "y_max": 0.11170067601925959, "Tr": 6.066666666666666, "Tr_i": -4.825, "Tr_f": 1.2416666666666663, "e_ss_abs": 0.04509233306091205, "e_ss": 310.79127219816127, "iste": 27263.508801789183, "mse": 0.0011606550595924473, "Ts_norm": 1.3319772172497963, "Os_norm": 0.04818395954562955, "iste_norm": 1.7762883353081749, "Total_ax": 1.0521498373678668}, "Q": 164216.64020672484, "Total": 1.7215684249000116}}}