{"name": "escal\u00f3n", "ref": {"z": {"trajectory": "step", "params": 0.1}, "x": {"trajectory": "step", "params": 0.1}, "y": {"trajectory": "step", "params": 0.1}, "r": {"trajectory": "step", "params": 0.1}}, "ctrls": {"DSLPID": {"Stable": false, "x": {"Ts": 10.129166666666666, "Ys": 0.1021212868732652, "Os": 5.786370612983164, "Tp": 1.9625000000000004, "y_max": 0.10578637061298317, "Tr": 0.4791666666666661, "Tr_i": 0.2625000000000002, "Tr_f": 0.7416666666666663, "e_ss_abs": 0.0021212868732651963, "e_ss": 2.0772230141378465, "iste": 1725.6339113496133, "mse": 0.00019282440255068888, "Ts_norm": 1.0, "Os_norm": 1.0, "iste_norm": 1.0, "Total_ax": 1.0}, "y": {"Ts": 10.15, "Ys": 0.1021270802974377, "Os": 5.813685132473253, "Tp": 1.895833333333333, "y_max": 0.10581368513247326, "Tr": 0.4708333333333332, "Tr_i": 0.25833333333333375, "Tr_f": 0.729166666666667, "e_ss_abs": 0.002127080297437689, "e_ss": 2.0827779382732987, "iste": 1737.5253336642709, "mse": 0.00019098805811998477, "Ts_norm": 1.0, "Os_norm": 1.0, "iste_norm": 1.0, "Total_ax": 1.0}, "z": {"Ts": 0.8166666666666664, "Ys": 1.0898190990415275, "Os": 0.1347440552693949, "Tp": 3.020833333333334, "y_max": 1.1014821846079634, "Tr": 0.0, "Tr_i": -5.0, "Tr_f": -5.0, "e_ss_abs": 0.010180900958472572, "e_ss": 0.9341826517287553, "iste": 88.38272336369243, "mse": 0.00010806406760847564, "Ts_norm": 1.0, "Os_norm": 1.0, "iste_norm": 1.0, "Total_ax": 1.0}, "r": {"Ts": 0.8083333333333336, "Ys": 0.10110307143580105, "Os": 2.247709527446684, "Tp": 0.7833333333333332, "y_max": 0.10224770952744669, "Tr": 0.25833333333333286, "Tr_i": 0.05833333333333357, "Tr_f": 0.31666666666666643, "e_ss_abs": 0.0011030714358010452, "e_ss": 1.091036523555547, "iste": 225.2929628434031, "mse": 4.1248985004269354e-05, "Ts_norm": 1.0, "Os_norm": 1.0, "iste_norm": 1.0, "Total_ax": 1.0}, "Q": 70010.55400456727, "Total": 1.0}, "ANN_1": {"path": "../tmp/ANN/Dataset_Final_ANN_0.h5", "Stable": false, "x": {"Ts": 14.912500000000001, "Ys": 0.10733329117313148, "Os": 12.06178962704707, "Tp": 11.241666666666667, "y_max": 0.11206178962704708, "Tr": 0.541666666666667, "Tr_i": 0.24166666666666625, "Tr_f": 0.7833333333333332, "e_ss_abs": 0.007333291173131473, "e_ss": 6.832261540646021, "iste": 4354.993939421288, "mse": 0.00023309301263858682, "Ts_norm": 1.4722336487042371, "Os_norm": 2.084517296556055, "iste_norm": 2.523706743810603, "Total_ax": 2.0268192296902985}, "y": {"Ts": 14.829166666666666, "Ys": 0.10529938462655161, "Os": 5.321378769541016, "Tp": 14.808333333333334, "y_max": 0.10532137876954102, "Tr": 0.5041666666666664, "Tr_i": 0.2625000000000002, "Tr_f": 0.7666666666666666, "e_ss_abs": 0.0052993846265516065, "e_ss": 5.032683377349337, "iste": 1540.145860437985, "mse": 0.00019315105932322718, "Ts_norm": 1.4610016420361247, "Os_norm": 0.915319396954888, "iste_norm": 0.8864019594983218, "Total_ax": 1.087574332829778}, "z": {"Ts": 4.133333333333333, "Ys": 1.1162171513070698, "Os": 2.0263239770894814, "Tp": 1.833333333333333, "y_max": 1.1222895637479844, "Tr": 0.0, "Tr_i": -5.0, "Tr_f": -5.0, "e_ss_abs": 0.016217151307069688, "e_ss": 1.4528670597902658, "iste": 488.7442645735766, "mse": 0.0006977303474548927, "Ts_norm": 5.0612244897959195, "Os_norm": 15.038318188050933, "iste_norm": 5.529862013443596, "Total_ax": 8.543134897096815}, "r": {"Ts": 14.991666666666667, "Ys": 0.11517812058387877, "Os": 79.31852477356213, "Tp": 0.8250000000000002, "y_max": 0.17931852477356214, "Tr": 4.116666666666667, "Tr_i": -3.8208333333333333, "Tr_f": 0.2958333333333334, "e_ss_abs": 0.015178120583878768, "e_ss": 13.177954725199099, "iste": 13515.048923506485, "mse": 0.0009769784389429357, "Ts_norm": 18.546391752577314, "Os_norm": 35.2886010425311, "iste_norm": 59.98877529477271, "Total_ax": 37.94125602996037}, "Q": 397460.9588779545, "Total": 2.0268192296902985}, "ANN_2": {"path": "../tmp/ANN/Dataset_Final_ANN_5.h5", "Stable": false, "x": {"Ts": 14.9375, "Ys": 0.10484710784635226, "Os": 8.442746120717395, "Tp": 9.179166666666667, "y_max": 0.1084427461207174, "Tr": 0.4541666666666666, "Tr_i": 0.2999999999999998, "Tr_f": 0.7541666666666664, "e_ss_abs": 0.0048471078463522554, "e_ss": 4.623024846288969, "iste": 2196.527079025843, "mse": 0.00022070047707345157, "Ts_norm": 1.474701768819416, "Os_norm": 1.4590745538790744, "iste_norm": 1.2728812667502258, "Total_ax": 1.4022191964829052}, "y": {"Ts": 14.779166666666665, "Ys": 0.10615715937846532, "Os": 8.483316983492195, "Tp": 9.829166666666667, "y_max": 0.1084833169834922, "Tr": 0.4083333333333341, "Tr_i": 0.28749999999999964, "Tr_f": 0.6958333333333337, "e_ss_abs": 0.00615715937846531, "e_ss": 5.800041574694142, "iste": 2300.4722619640943, "mse": 0.000208976744746494, "Ts_norm": 1.4560755336617404, "Os_norm": 1.459197873670057, "iste_norm": 1.3239935081191727, "Total_ax": 1.4130889718169901}, "z": {"Ts": 9.6375, "Ys": 1.094776807331594, "Os": 1.31097642019024, "Tp": 12.641666666666666, "y_max": 1.1144207406220927, "Tr": 0.0, "Tr_i": -5.0, "Tr_f": -5.0, "e_ss_abs": 0.005223192668406096, "e_ss": 0.4771011436693741, "iste": 673.2291719679561, "mse": 0.00045858352520673155, "Ts_norm": 11.801020408163268, "Os_norm": 9.72938225414987, "iste_norm": 7.617203298857819, "Total_ax": 9.715868653723652}, "r": {"Ts": 14.891666666666666, "Ys": 0.1551265944721617, "Os": 59.883940519144474, "Tp": 12.087499999999999, "y_max": 0.15988394051914448, "Tr": 3.5375000000000005, "Tr_i": -3.2, "Tr_f": 0.33750000000000036, "e_ss_abs": 0.0551265944721617, "e_ss": 35.53652077500771, "iste": 11918.616330192595, "mse": 0.0007368402970981198, "Ts_norm": 18.42268041237113, "Os_norm": 26.642206116005767, "iste_norm": 52.90274573945304, "Total_ax": 32.655877422609976}, "Q": 191674.08121480522, "Total": 1.4022191964829052}, "ANN_3": {"path": "../tmp/ANN/Dataset_Final_ANN_9.h5", "Stable": false, "x": {"Ts": 1.875, "Ys": 0.09943540363308126, "Os": 0.0016518033450069192, "Tp": 1.75, "y_max": 0.10000165180334501, "Tr": 0.5625, "Tr_i": 0.24166666666666625, "Tr_f": 0.8041666666666663, "e_ss_abs": 0.0005645963669187459, "e_ss": 0.5678021572699784, "iste": 1316.278547806897, "mse": 0.00018812393801468467, "Ts_norm": 0.18510900863842042, "Os_norm": 0.0002854644915589553, "iste_norm": 0.7627797177313462, "Total_ax": 0.31605806362044186}, "y": {"Ts": 6.425000000000001, "Ys": 0.09722136662071962, "Os": 0.7398979651672133, "Tp": 0.8499999999999996, "y_max": 0.09926010203483279, "Tr": 0.4083333333333332, "Tr_i": 0.27500000000000036, "Tr_f": 0.6833333333333336, "e_ss_abs": 0.0027786333792803874, "e_ss": 2.8580480565762905, "iste": 2373.43415778263, "mse": 0.00020299462060635948, "Ts_norm": 0.6330049261083744, "Os_norm": 0.12726832436012, "iste_norm": 1.365985353881022, "Total_ax": 0.7087528681165055}, "z": {"Ts": 2.033333333333333, "Ys": 1.106304796662005, "Os": 1.8163758235852214, "Tp": 1.3125, "y_max": 1.1199801340594375, "Tr": 0.0, "Tr_i": -5.0, "Tr_f": -5.0, "e_ss_abs": 0.006304796662004897, "e_ss": 0.5698968928841334, "iste": 308.69094359982637, "mse": 0.00022665833599661678, "Ts_norm": 2.4897959183673475, "Os_norm": 13.480192650827721, "iste_norm": 3.492661595519882, "Total_ax": 6.487550054904983}, "r": {"Ts": 14.991666666666667, "Ys": 0.09545187568405934, "Os": 41.64971839058171, "Tp": 13.095833333333335, "y_max": 0.1416497183905817, "Tr": 4.3875, "Tr_i": -4.158333333333333, "Tr_f": 0.22916666666666696, "e_ss_abs": 0.004548124315940663, "e_ss": 4.76483493210203, "iste": 10782.632929007008, "mse": 0.0005798499751457374, "Ts_norm": 18.546391752577314, "Os_norm": 18.529849111728538, "iste_norm": 47.86049592015802, "Total_ax": 28.31224559482129}, "Q": 415630.01630822924, "Total": 0.31605806362044186}, "ANN_4": {"path": "../tmp/ANN/Dataset_Final_ANN_8.h5", "Stable": false, "x": {"Ts": 14.904166666666665, "Ys": 0.10772176955744146, "Os": 13.387074758153108, "Tp": 3.054166666666667, "y_max": 0.11338707475815311, "Tr": 0.45833333333333304, "Tr_i": 0.2666666666666666, "Tr_f": 0.7249999999999996, "e_ss_abs": 0.007721769557441457, "e_ss": 7.168253537947971,