{"name": "escal\u00f3n", "ref": {"z": {"trajectory": "step", "params": 0.1}, "x": {"trajectory": "step", "params": 0.1}, "y": {"trajectory": "step", "params": 0.1}, "r": {"trajectory": "step", "params": 0.1}}, "ctrls": {"DSLPID": {"Stable": false, "x": {"Ts": 15.670833333333334, "Ys": 0.10102107884485542, "Os": 5.791515985580545, "Tp": 1.9375, "y_max": 0.10579151598558055, "Tr": 0.4791666666666661, "Tr_i": 0.2625000000000002, "Tr_f": 0.7416666666666663, "e_ss_abs": 0.0010210788448554164, "e_ss": 1.0107582066348282, "iste": 2272.6458136327565, "mse": 7.73004997646407e-05, "Ts_norm": 1.0, "Os_norm": 1.0, "iste_norm": 1.0, "Total_ax": 1.0}, "y": {"Ts": 15.566666666666666, "Ys": 0.1010207521408279, "Os": 5.7651430580518275, "Tp": 1.9249999999999998, "y_max": 0.10576514305805183, "Tr": 0.4708333333333332, "Tr_i": 0.25833333333333375, "Tr_f": 0.729166666666667, "e_ss_abs": 0.0010207521408278908, "e_ss": 1.0104380725703883, "iste": 2242.457392400076, "mse": 7.638535671405925e-05, "Ts_norm": 1.0, "Os_norm": 1.0, "iste_norm": 1.0, "Total_ax": 1.0}, "z": {"Ts": 0.7999999999999998, "Ys": 1.0891935296461353, "Os": 0.13488056474832774, "Tp": 3.0250000000000004, "y_max": 1.1014836862122317, "Tr": 0.0, "Tr_i": -5.0, "Tr_f": -5.0, "e_ss_abs": 0.010806470353864839, "e_ss": 0.9921533740083563, "iste": 200.51860745114325, "mse": 4.3425852248076986e-05, "Ts_norm": 1.0, "Os_norm": 1.0, "iste_norm": 1.0, "Total_ax": 1.0}, "r": {"Ts": 0.9500000000000002, "Ys": 0.09905059613199028, "Os": 0.10157591811330025, "Tp": 2.3083333333333336, "y_max": 0.1001015759181133, "Tr": 0.25833333333333286, "Tr_i": 0.05833333333333357, "Tr_f": 0.31666666666666643, "e_ss_abs": 0.0009494038680097211, "e_ss": 0.958503941505399, "iste": 429.9812233508205, "mse": 1.652019371021148e-05, "Ts_norm": 1.0, "Os_norm": 1.0, "iste_norm": 1.0, "Total_ax": 1.0}, "Q": 27066.57556492262, "Total": 1.0}, "ANN_3": {"path": "../tmp/ANN/Dataset_Final_ANN_9.h5", "Stable": false, "x": {"Ts": 33.15416666666667, "Ys": 0.09916829325815263, "Os": 0.0016518033450069192, "Tp": 1.75, "y_max": 0.10000165180334501, "Tr": 0.5625, "Tr_i": 0.24166666666666625, "Tr_f": 0.8041666666666663, "e_ss_abs": 0.0008317067418473767, "e_ss": 0.8386821175618067, "iste": 5007.874540373903, "mse": 7.654637053409968e-05, "Ts_norm": 2.1156607285296465, "Os_norm": 0.0002852108755495978, "iste_norm": 2.2035437771840765, "Total_ax": 1.4398299055297574}, "y": {"Ts": 44.65416666666667, "Ys": 0.09658032860967596, "Os": 0.7398979651672133, "Tp": 0.8499999999999996, "y_max": 0.09926010203483279, "Tr": 0.4083333333333332, "Tr_i": 0.27500000000000036, "Tr_f": 0.6833333333333336, "e_ss_abs": 0.00341967139032405, "e_ss": 3.540753525642331, "iste": 12328.11721029049, "mse": 9.053803766094494e-05, "Ts_norm": 2.868576017130621, "Os_norm": 0.12833991415596227, "iste_norm": 5.497592619628705, "Total_ax": 2.831502850305096}, "z": {"Ts": 2.0250000000000004, "Ys": 1.106414893517241, "Os": 1.8163758235852214, "Tp": 1.3125, "y_max": 1.1199801340594375, "Tr": 0.0, "Tr_i": -5.0, "Tr_f": -5.0, "e_ss_abs": 0.006414893517241005, "e_ss": 0.5797909586021893, "iste": 1356.4644080761552, "mse": 0.00010329295426164364, "Ts_norm": 2.531250000000001, "Os_norm": 13.466549661727607, "iste_norm": 6.764780711967893, "Total_ax": 7.5875267912318325}, "r": {"Ts": 44.99166666666667, "Ys": 0.09769706871829872, "Os": 41.8860506361195, "Tp": 18.7625, "y_max": 0.1418860506361195, "Tr": 4.3875, "Tr_i": -4.158333333333333, "Tr_f": 0.22916666666666696, "e_ss_abs": 0.0023029312817012815, "e_ss": 2.3572163545065923, "iste": 68825.65585329103, "mse": 0.0006289359035729321, "Ts_norm": 47.35964912280701, "Os_norm": 412.36201861743234, "iste_norm": 160.0666543458256, "Total_ax": 206.59610736202163}, "Q": 469864.4891680758, "Total": 1.4398299055297574}}}