{"name": "Lemniscate", "ref": {}, "ctrls": {"DSLPID": {"Stable": false, "x": {"Ts": 13.904166666666665, "Ys": 3.090497151136845e-08, "Os": 5.4199036836344305e-05, "Tp": -5.145833333333333, "y_max": 5.419903683634431e-07, "Tr": 0.0, "Tr_i": -6.0, "Tr_f": -6.0, "e_ss_abs": 3.090497151136845e-08, "e_ss": 100.0, "iste": 0.004562833369990395, "mse": 6.674860935241678e-13, "Ts_norm": 1.0, "Os_norm": 1.0, "iste_norm": 1.0, "Total_ax": 1.0}, "y": {"Ts": 13.904166666666665, "Ys": -4.590451684761671e-06, "Os": 0.10167873767530367, "Tp": -5.608333333333333, "y_max": 0.0010167873767530367, "Tr": 0.0, "Tr_i": -6.0, "Tr_f": -6.0, "e_ss_abs": 4.590451684761671e-06, "e_ss": 100.0, "iste": 0.6866294986521468, "mse": 1.61529180060954e-08, "Ts_norm": 1.0, "Os_norm": 1.0, "iste_norm": 1.0, "Total_ax": 1.0}, "z": {"Ts": 9.620833333333334, "Ys": 0.03843278291657928, "Os": 2543.760685720612, "Tp": 3.3499999999999996, "y_max": 1.005812029845835, "Tr": 0.4166666666666667, "Tr_i": -5.983333333333333, "Tr_f": -5.566666666666666, "e_ss_abs": 0.03843278291657928, "e_ss": 100.0, "iste": 3446.245660367852, "mse": 0.030437832058963273, "Ts_norm": 1.0, "Os_norm": 1.0, "iste_norm": 1.0, "Total_ax": 1.0}, "r": {"Ts": 12.783333333333335, "Ys": -7.837293127366852e-09, "Os": 0.0011117016023298731, "Tp": -5.925, "y_max": 1.1117016023298731e-05, "Tr": 0.0, "Tr_i": -6.0, "Tr_f": -6.0, "e_ss_abs": 7.837293127366852e-09, "e_ss": 100.0, "iste": 0.0004268082741950746, "mse": 3.698248507265838e-13, "Ts_norm": 1.0, "Os_norm": 1.0, "iste_norm": 1.0, "Total_ax": 1.0}, "Q": 2359746.1758157685, "Total": 1.0}, "LSTMCNN": {"path": "../Models/LSTMCNN/Dataset_Final_LSTMCNN_Tuner_4.h5", "Stable": false, "x": {"Ts": 12.366666666666667, "Ys": -0.004870566443642097, "Os": 415.45423140949185, "Tp": -4.629166666666666, "y_max": 0.015209557679923066, "Tr": 0.26666666666666666, "Tr_i": -5.729166666666667, "Tr_f": -5.4625, "e_ss_abs": 0.004870566443642097, "e_ss": 100.0, "iste": 258.8564960950574, "mse": 3.747491783609541e-05, "Ts_norm": 0.8894216362001799, "Os_norm": 7665343.438924366, "iste_norm": 56731.52515223284, "Total_ax": 2574025.2844994115}, "y": {"Ts": 13.141666666666666, "Ys": 0.0029269470984730566, "Os": 1873.8750133294677, "Tp": -4.4625, "y_max": 0.058363580606884, "Tr": 0.0875, "Tr_i": -5.841666666666667, "Tr_f": -5.754166666666666, "e_ss_abs": 0.0029269470984730566, "e_ss": 100.0, "iste": 170.23285035716466, "mse": 0.00012930767449649452, "Ts_norm": 0.9451603236439916, "Os_norm": 18429.369366419716, "iste_norm": 247.92533774230733, "Total_ax": 6226.079954828556}, "z": {"Ts": 11.383333333333333, "Ys": 0.10855179263059514, "Os": 878.8056089211545, "Tp": 8.0, "y_max": 1.0518984473327553, "Tr": 0.16666666666666666, "Tr_i": -5.9625, "Tr_f": -5.795833333333333, "e_ss_abs": 0.10855179263059514, "e_ss": 100.0, "iste": 7525.565746811381, "mse": 0.06849542482967008, "Ts_norm": 1.1831961888263316, "Os_norm": 0.3454749551930437, "iste_norm": 2.183699738343117, "Total_ax": 1.2374569607874975}, "r": {"Ts": 11.416666666666668, "Ys": -0.008876205566864085, "Os": 152.51022828890356, "Tp": -4.429166666666667, "y_max": 0.004614637942074702, "Tr": 0.12916666666666668, "Tr_i": -5.929166666666666, "Tr_f": -5.8, "e_ss_abs": 0.008876205566864085, "e_ss": 100.0, "iste": 824.4119308757623, "mse": 0.0017321426510215833, "Ts_norm": 0.893089960886571, "Os_norm": 137186.2988856694, "iste_norm": 1931574.3876581015, "Total_ax": 689587.193211244}, "Q": 775471.2085332763, "Total": 817459.9487806112}}}