{"name": "perturbaciones", "ref": {"z": {"trajectory": "stop", "params": -0.1}, "x": {"trajectory": "stop", "params": 0.0}, "y": {"trajectory": "stop", "params": 0.0}, "r": {"trajectory": "stop", "params": 0.0}}, "ctrls": {"DSLPID": {"Stable": false, "x": {"Ts": 14.904166666666665, "Ys": 0.0006539329496450199, "Os": 0.2545897428684274, "Tp": 6.208333333333334, "y_max": 0.002545897428684274, "Tr": 0.0, "Tr_i": -5.0, "Tr_f": -5.0, "e_ss_abs": 0.0006539329496450199, "e_ss": 100.0, "iste": 72.89410927655213, "mse": 1.6443561877500136e-05, "Ts_norm": 1.0, "Os_norm": 1.0, "iste_norm": 1.0, "Total_ax": 1.0}, "y": {"Ts": 14.904166666666665, "Ys": 0.0006262884224820541, "Os": 0.2672138590108508, "Tp": 6.2041666666666675, "y_max": 0.002672138590108508, "Tr": 0.0, "Tr_i": -5.0, "Tr_f": -5.0, "e_ss_abs": 0.0006262884224820541, "e_ss": 100.0, "iste": 70.24566675148746, "mse": 1.533765949126703e-05, "Ts_norm": 1.0, "Os_norm": 1.0, "iste_norm": 1.0, "Total_ax": 1.0}, "z": {"Ts": 6.058333333333334, "Ys": 0.9911055130977479, "Os": 0.15679724808637108, "Tp": 8.2, "y_max": 1.0015679724808637, "Tr": 0.0, "Tr_i": -5.0, "Tr_f": -5.0, "e_ss_abs": 0.008894486902252141, "e_ss": 0.8974308774100141, "iste": 145.1743339583152, "mse": 9.852830320837172e-05, "Ts_norm": 1.0, "Os_norm": 1.0, "iste_norm": 1.0, "Total_ax": 1.0}, "r": {"Ts": 13.783333333333335, "Ys": -2.4902093424690327e-05, "Os": 10.000000000000009, "Tp": 5.0, "y_max": 0.10000000000000009, "Tr": 0.0, "Tr_i": -5.0, "Tr_f": -5.0, "e_ss_abs": 2.4902093424690327e-05, "e_ss": 100.0, "iste": 71.2890830826413, "mse": 9.406758775511578e-05, "Ts_norm": 1.0, "Os_norm": 1.0, "iste_norm": 1.0, "Total_ax": 1.0}, "Q": 158833.29698726375, "Total": 1.0}, "ANN": {"path": "../Models/ANN/Dataset_Final_ANN_10.h5", "Stable": false, "x": {"Ts": 14.962499999999999, "Ys": -0.0010836242857743, "Os": 663.186050611122, "Tp": -4.158333333333333, "y_max": 0.006187915357791086, "Tr": 0.1583333333333333, "Tr_i": -4.791666666666667, "Tr_f": -4.633333333333334, "e_ss_abs": 0.0010836242857743, "e_ss": 100.0, "iste": 115.21110994869109, "mse": 1.773137001131871e-05, "Ts_norm": 1.0039138943248533, "Os_norm": 2604.920540549264, "iste_norm": 1.5805270287560957, "Total_ax": 869.1683271574482}, "y": {"Ts": 14.899999999999999, "Ys": 0.0029429545758285986, "Os": 1.0943332861112127, "Tp": 14.870833333333334, "y_max": 0.002945701309872901, "Tr": 7.629166666666667, "Tr_i": -4.575, "Tr_f": 3.054166666666667, "e_ss_abs": 0.0029429545758285986, "e_ss": 100.0, "iste": 93.82849866193227, "mse": 1.0699570029706895e-05, "Ts_norm": 0.9997204361196533, "Os_norm": 4.095346289904727, "iste_norm": 1.335719383145373, "Total_ax": 2.143595369723251}, "z": {"Ts": 12.541666666666668, "Ys": 1.1722769465037353, "Os": 18.744366216312525, "Tp": 1.0083333333333337, "y_max": 1.1874436621631252, "Tr": 0.0, "Tr_i": -5.0, "Tr_f": -5.0, "e_ss_abs": 0.17227694650373526, "e_ss": 14.695925482245789, "iste": 6800.653283103872, "mse": 0.020125084204032615, "Ts_norm": 2.0701513067400277, "Os_norm": 119.54524996502026, "iste_norm": 46.84473555123446, "Total_ax": 56.153378940998245}, "r": {"Ts": 14.991666666666667, "Ys": -0.025222534706135342, "Os": 880.2383926412622, "Tp": 5.0, "y_max": 0.14458830266277203, "Tr": 3.7791666666666663, "Tr_i": -4.845833333333333, "Tr_f": -1.0666666666666669, "e_ss_abs": 0.025222534706135342, "e_ss": 100.0, "iste": 994.7456058552812, "mse": 0.0005901977377625754, "Ts_norm": 1.0876662636033856, "Os_norm": 88.02383926412614, "iste_norm": 13.95368775752285, "Total_ax": 34.35506442841746}, "Q": 294425.6348030935, "Total": 869.1683271574482}}}