{"name": "escalon", "ref": {"z": {"trajectory": "step", "params": 0.1}, "x": {"trajectory": "step", "params": 0.1}, "y": {"trajectory": "step", "params": 0.1}, "r": {"trajectory": "step", "params": 0.1}}, "ctrls": {"DSLPID": {"Stable": false, "x": {"Ts": 10.166666666666666, "Ys": 0.10213339590181184, "Os": 5.811196093699913, "Tp": 1.9458333333333337, "y_max": 0.10581119609369992, "Tr": 0.4791666666666661, "Tr_i": 0.2625000000000002, "Tr_f": 0.7416666666666663, "e_ss_abs": 0.00213339590181183, "e_ss": 2.0888328278664274, "iste": 1743.3699909055556, "mse": 0.00019303299051671711, "Ts_norm": 1.0, "Os_norm": 1.0, "iste_norm": 1.0, "Total_ax": 1.0}, "y": {"Ts": 10.1125, "Ys": 0.10211452554429037, "Os": 5.761717175682704, "Tp": 1.9124999999999996, "y_max": 0.10576171717568271, "Tr": 0.4708333333333332, "Tr_i": 0.25833333333333375, "Tr_f": 0.729166666666667, "e_ss_abs": 0.0021145255442903688, "e_ss": 2.070739234226996, "iste": 1719.1422024779258, "mse": 0.00019073004202253168, "Ts_norm": 1.0, "Os_norm": 1.0, "iste_norm": 1.0, "Total_ax": 1.0}, "z": {"Ts": 0.8208333333333337, "Ys": 1.0898998894950234, "Os": 0.13485896184425608, "Tp": 3.020833333333334, "y_max": 1.101483448580287, "Tr": 0.0, "Tr_i": -5.0, "Tr_f": -5.0, "e_ss_abs": 0.010100110504976723, "e_ss": 0.92670075502589, "iste": 88.46348884510374, "mse": 0.00010808320336002785, "Ts_norm": 1.0, "Os_norm": 1.0, "iste_norm": 1.0, "Total_ax": 1.0}, "r": {"Ts": 0.9541666666666666, "Ys": 0.09908365687792198, "Os": 0.10094908558483384, "Tp": 2.5458333333333334, "y_max": 0.10010094908558484, "Tr": 0.25833333333333286, "Tr_i": 0.05833333333333357, "Tr_f": 0.31666666666666643, "e_ss_abs": 0.0009163431220780283, "e_ss": 0.924817624774414, "iste": 229.63357934408396, "mse": 4.1290331397990294e-05, "Ts_norm": 1.0, "Os_norm": 1.0, "iste_norm": 1.0, "Total_ax": 1.0}, "Q": 68211.9720649499, "Total": 1.0}, "ANN": {"path": "../Models/ANN/Dataset_Final_ANN_10.h5", "Stable": false, "x": {"Ts": 3.366666666666667, "Ys": 0.10160118123257306, "Os": 2.7389516130021803, "Tp": 14.666666666666668, "y_max": 0.10273895161300219, "Tr": 1.154166666666666, "Tr_i": 0.25833333333333375, "Tr_f": 1.4124999999999996, "e_ss_abs": 0.0016011812325730512, "e_ss": 1.575947457646011, "iste": 1888.4084177595414, "mse": 0.00019460651843724328, "Ts_norm": 0.3311475409836066, "Os_norm": 0.4713232127842936, "iste_norm": 1.083194288998085, "Total_ax": 0.6285550142553284}, "y": {"Ts": 3.166666666666666, "Ys": 0.10969129979176043, "Os": 10.847111970704093, "Tp": 14.912500000000001, "y_max": 0.1108471119707041, "Tr": 0.4500000000000002, "Tr_i": 0.27083333333333304, "Tr_f": 0.7208333333333332, "e_ss_abs": 0.009691299791760422, "e_ss": 8.835066965345954, "iste": 5122.930054720341, "mse": 0.0002628710032934233, "Ts_norm": 0.3131437989287185, "Os_norm": 1.8826179140628891, "iste_norm": 2.979933857325058, "Total_ax": 1.725231856772222}, "z": {"Ts": 7.720833333333333, "Ys": 1.1704405033146563, "Os": 10.49329982248456, "Tp": 0.9458333333333337, "y_max": 1.2154262980473303, "Tr": 0.0, "Tr_i": -5.0, "Tr_f": -5.0, "e_ss_abs": 0.07044050331465623, "e_ss": 6.01828996135819, "iste": 3313.3849254699576, "mse": 0.008225513012426893, "Ts_norm": 9.406091370558372, "Os_norm": 77.80943645853442, "iste_norm": 37.45482988209487, "Total_ax": 41.55678590372922}, "r": {"Ts": 14.958333333333332, "Ys": 0.12905409752242805, "Os": 97.34460910116816, "Tp": 0.708333333333333, "y_max": 0.19734460910116816, "Tr": 5.0, "Tr_i": -4.633333333333334, "Tr_f": 0.36666666666666625, "e_ss_abs": 0.029054097522428046, "e_ss": 22.51311510460084, "iste": 13593.098496963488, "mse": 0.0009913245981147325, "Ts_norm": 15.676855895196507, "Os_norm": 964.2941145748506, "iste_norm": 59.19473334775456, "Total_ax": 346.3885679392672}, "Q": 371306.48502694734, "Total": 0.6285550142553284}}}