{"name": "perturbaciones", "ref": {"z": {"trajectory": "stop", "params": -0.1}, "x": {"trajectory": "stop", "params": 0.0}, "y": {"trajectory": "stop", "params": 0.0}, "r": {"trajectory": "stop", "params": 0.0}}, "ctrls": {"DSLPID": {"Stable": false, "x": {"Ts": 14.904166666666665, "Ys": 0.0006539329496450199, "Os": 0.2545897428684274, "Tp": 6.208333333333334, "y_max": 0.002545897428684274, "Tr": 0.0, "Tr_i": -5.0, "Tr_f": -5.0, "e_ss_abs": 0.0006539329496450199, "e_ss": 100.0, "iste": 72.89410927655213, "mse": 1.6443561877500136e-05, "Ts_norm": 1.0, "Os_norm": 1.0, "iste_norm": 1.0, "Total_ax": 1.0}, "y": {"Ts": 14.904166666666665, "Ys": 0.0006262884224820541, "Os": 0.2672138590108508, "Tp": 6.2041666666666675, "y_max": 0.002672138590108508, "Tr": 0.0, "Tr_i": -5.0, "Tr_f": -5.0, "e_ss_abs": 0.0006262884224820541, "e_ss": 100.0, "iste": 70.24566675148746, "mse": 1.533765949126703e-05, "Ts_norm": 1.0, "Os_norm": 1.0, "iste_norm": 1.0, "Total_ax": 1.0}, "z": {"Ts": 6.058333333333334, "Ys": 0.9911055130977479, "Os": 0.15679724808637108, "Tp": 8.2, "y_max": 1.0015679724808637, "Tr": 0.0, "Tr_i": -5.0, "Tr_f": -5.0, "e_ss_abs": 0.008894486902252141, "e_ss": 0.8974308774100141, "iste": 145.1743339583152, "mse": 9.852830320837172e-05, "Ts_norm": 1.0, "Os_norm": 1.0, "iste_norm": 1.0, "Total_ax": 1.0}, "r": {"Ts": 13.783333333333335, "Ys": -2.4902093424690327e-05, "Os": 10.000000000000009, "Tp": 5.0, "y_max": 0.10000000000000009, "Tr": 0.0, "Tr_i": -5.0, "Tr_f": -5.0, "e_ss_abs": 2.4902093424690327e-05, "e_ss": 100.0, "iste": 71.2890830826413, "mse": 9.406758775511578e-05, "Ts_norm": 1.0, "Os_norm": 1.0, "iste_norm": 1.0, "Total_ax": 1.0}, "Q": 158833.29698726375, "Total": 1.0}, "CLSTM": {"path": "../Models/CLSTM/Dataset_Final_CLSTM_Tuner_2_2.h5", "Stable": false, "x": {"Ts": 14.95, "Ys": -0.011244059945284546, "Os": 100.0, "Tp": -5.0, "y_max": 0.0, "Tr": 0.30833333333333335, "Tr_i": -4.620833333333334, "Tr_f": -4.3125, "e_ss_abs": 0.011244059945284546, "e_ss": 100.0, "iste": 677.3521784390599, "mse": 0.00021963169139702706, "Ts_norm": 1.0030752026838132, "Os_norm": 392.7888015963009, "iste_norm": 9.29227594879116, "Total_ax": 134.3613842492586}, "y": {"Ts": 14.991666666666667, "Ys": -0.00045189701795676486, "Os": 0.8738499515959397, "Tp": 11.208333333333332, "y_max": 0.008738499515959397, "Tr": 0.0, "Tr_i": -5.0, "Tr_f": -5.0, "e_ss_abs": 0.00045189701795676486, "e_ss": 100.0, "iste": 170.23889057126078, "mse": 3.024774363420724e-05, "Ts_norm": 1.00587084148728, "Os_norm": 3.2702269067580625, "iste_norm": 2.423478891210837, "Total_ax": 2.2331922131520594}, "z": {"Ts": 14.783333333333335, "Ys": 0.9767635883134573, "Os": 4.211335982824993, "Tp": 4.3916666666666675, "y_max": 1.04211335982825, "Tr": 0.0, "Tr_i": -5.0, "Tr_f": -5.0, "e_ss_abs": 0.02323641168654267, "e_ss": 2.3789187030061334, "iste": 2131.0113694020774, "mse": 0.0028093864454675848, "Ts_norm": 2.440165061898212, "Os_norm": 26.858481473509006, "iste_norm": 14.678981547895152, "Total_ax": 14.659209361100789}, "r": {"Ts": 14.991666666666667, "Ys": -0.0019840562844415286, "Os": 2340.052127342423, "Tp": 5.0, "y_max": 0.045077140563862306, "Tr": 0.10000000000000003, "Tr_i": -4.683333333333334, "Tr_f": -4.583333333333333, "e_ss_abs": 0.0019840562844415286, "e_ss": 100.0, "iste": 787.1962977521558, "mse": 0.0005654527356582379, "Ts_norm": 1.0876662636033856, "Os_norm": 234.00521273424206, "iste_norm": 11.0423120022403, "Total_ax": 82.04506366669524}, "Q": 185504.37314940398, "Total": 134.3613842492586}}}