{"name": "Vuelo Z", "ref": {}, "ctrls": {"DSLPID": {"Stable": false, "x": {"Ts": 21.979166666666668, "Ys": 0.0, "Os": 0.0, "Tp": -8.0, "y_max": 0.0, "Tr": 0.0, "Tr_i": -8.0, "Tr_f": -8.0, "e_ss_abs": 0.0, "e_ss": NaN, "iste": 0.0, "mse": 0.0, "Ts_norm": 1.0, "Os_norm": NaN, "iste_norm": NaN, "Total_ax": NaN}, "y": {"Ts": 21.979166666666668, "Ys": 0.0, "Os": 0.0, "Tp": -8.0, "y_max": 0.0, "Tr": 0.0, "Tr_i": -8.0, "Tr_f": -8.0, "e_ss_abs": 0.0, "e_ss": NaN, "iste": 0.0, "mse": 0.0, "Ts_norm": 1.0, "Os_norm": NaN, "iste_norm": NaN, "Total_ax": NaN}, "z": {"Ts": 14.295833333333334, "Ys": 7.914094330190176, "Os": 0.07180858575857792, "Tp": 16.6875, "y_max": 7.995320540133003, "Tr": 20.770833333333332, "Tr_i": -8.0, "Tr_f": 12.770833333333332, "e_ss_abs": 0.07548900314315699, "e_ss": 0.9538552359072398, "iste": 1251.3676155834708, "mse": 0.01652947488431096, "Ts_norm": 1.0, "Os_norm": 1.0, "iste_norm": 1.0, "Total_ax": 1.0}, "r": {"Ts": 21.979166666666668, "Ys": 0.0, "Os": 0.0, "Tp": -8.0, "y_max": 0.0, "Tr": 0.0, "Tr_i": -8.0, "Tr_f": -8.0, "e_ss_abs": 0.0, "e_ss": NaN, "iste": 0.0, "mse": 0.0, "Ts_norm": 1.0, "Os_norm": NaN, "iste_norm": NaN, "Total_ax": NaN}, "Q": 41319.635459888006, "Total": NaN}, "LSTMCNN": {"path": "../Models/LSTMCNN/Dataset_Final_LSTMCNN_Tuner_4.h5", "Stable": true, "x": {"Ts": 21.883333333333333, "Ys": -49.649973304462044, "Os": 100.73146513963984, "Tp": 15.854166666666668, "y_max": 0.36694579533403504, "Tr": 3.637500000000003, "Tr_i": 17.525, "Tr_f": 21.1625, "e_ss_abs": 49.649973304462044, "e_ss": 100.0, "iste": 911377.9576164606, "mse": 158.37759345730137, "Ts_norm": 0.9956398104265403, "Os_norm": Infinity, "iste_norm": Infinity, "Total_ax": Infinity}, "y": {"Ts": 21.933333333333334, "Ys": 8.250076735730683, "Os": 0.39149976603064995, "Tp": 21.995833333333334, "y_max": 8.37205108303771, "Tr": 3.7708333333333357, "Tr_i": 17.770833333333332, "Tr_f": 21.541666666666668, "e_ss_abs": 8.250076735730683, "e_ss": 100.0, "iste": 141472.57570793317, "mse": 3.7828757452101285, "Ts_norm": 0.9979146919431279, "Os_norm": Infinity, "iste_norm": Infinity, "Total_ax": Infinity}, "z": {"Ts": 21.991666666666667, "Ys": 0.018073684802399688, "Os": 10.745064506356218, "Tp": 17.0125, "y_max": 7.131097450377581, "Tr": 0.0, "Tr_i": -8.0, "Tr_f": -8.0, "e_ss_abs": 7.971509648530933, "e_ss": 44105.613966846075, "iste": 30255.793480946315, "mse": 5.659726373597944, "Ts_norm": 1.5383270183619935, "Os_norm": 149.63481584892045, "iste_norm": 24.178181618388017, "Total_ax": 58.45044149522349}, "r": {"Ts": 21.991666666666667, "Ys": 0.8597828252285555, "Os": 226.9487645535059, "Tp": 19.9125, "y_max": 3.136192410598933, "Tr": 3.1374999999999975, "Tr_i": 7.0791666666666675, "Tr_f": 10.216666666666665, "e_ss_abs": 0.8597828252285555, "e_ss": 100.0, "iste": 85261.7781551372, "mse": 0.7435526352314987, "Ts_norm": 1.000568720379147, "Os_norm": Infinity, "iste_norm": Infinity, "Total_ax": Infinity}, "Q": 2293393.996153424, "Total": Infinity}}}