{"name": "escal\u00f3n", "ref": {"z": {"trajectory": "step", "params": 0.1}, "x": {"trajectory": "step", "params": 0.1}, "y": {"trajectory": "step", "params": 0.1}, "r": {"trajectory": "step", "params": 0.1}}, "ctrls": {"DSLPID": {"Stable": false, "x": {"Ts": 10.129166666666666, "Ys": 0.1021212868732652, "Os": 5.786370612983164, "Tp": 1.9625000000000004, "y_max": 0.10578637061298317, "Tr": 0.4791666666666661, "Tr_i": 0.2625000000000002, "Tr_f": 0.7416666666666663, "e_ss_abs": 0.0021212868732651963, "e_ss": 2.0772230141378465, "iste": 1725.6339113496133, "mse": 0.00019282440255068888, "Ts_norm": 1.0, "Os_norm": 1.0, "iste_norm": 1.0, "Total_ax": 1.0}, "y": {"Ts": 10.15, "Ys": 0.1021270802974377, "Os": 5.813685132473253, "Tp": 1.895833333333333, "y_max": 0.10581368513247326, "Tr": 0.4708333333333332, "Tr_i": 0.25833333333333375, "Tr_f": 0.729166666666667, "e_ss_abs": 0.002127080297437689, "e_ss": 2.0827779382732987, "iste": 1737.5253336642709, "mse": 0.00019098805811998477, "Ts_norm": 1.0, "Os_norm": 1.0, "iste_norm": 1.0, "Total_ax": 1.0}, "z": {"Ts": 0.8166666666666664, "Ys": 1.0898190990415275, "Os": 0.1347440552693949, "Tp": 3.020833333333334, "y_max": 1.1014821846079634, "Tr": 0.0, "Tr_i": -5.0, "Tr_f": -5.0, "e_ss_abs": 0.010180900958472572, "e_ss": 0.9341826517287553, "iste": 88.38272336369243, "mse": 0.00010806406760847564, "Ts_norm": 1.0, "Os_norm": 1.0, "iste_norm": 1.0, "Total_ax": 1.0}, "r": {"Ts": 0.8083333333333336, "Ys": 0.10110307143580105, "Os": 2.247709527446684, "Tp": 0.7833333333333332, "y_max": 0.10224770952744669, "Tr": 0.25833333333333286, "Tr_i": 0.05833333333333357, "Tr_f": 0.31666666666666643, "e_ss_abs": 0.0011030714358010452, "e_ss": 1.091036523555547, "iste": 225.2929628434031, "mse": 4.1248985004269354e-05, "Ts_norm": 1.0, "Os_norm": 1.0, "iste_norm": 1.0, "Total_ax": 1.0}, "Q": 70010.55400456727, "Total": 1.0}, "LSTM_1": {"path": "../tmp/LSTM/Dataset_Final_LSTM_0.h5", "Stable": false, "x": {"Ts": 14.908333333333335, "Ys": 0.10075830007274261, "Os": 10.8678243074362, "Tp": 2.666666666666667, "y_max": 0.1108678243074362, "Tr": 0.5083333333333337, "Tr_i": 0.22083333333333321, "Tr_f": 0.729166666666667, "e_ss_abs": 0.000758300072742607, "e_ss": 0.7525931582759446, "iste": 2877.1783564229477, "mse": 0.00019969773335526875, "Ts_norm": 1.4718222953517073, "Os_norm": 1.8781763274981953, "iste_norm": 1.6673167683478791, "Total_ax": 1.6724384637325937}, "y": {"Ts": 14.908333333333335, "Ys": 0.10205083739661061, "Os": 10.560186295119026, "Tp": 5.616666666666667, "y_max": 0.11056018629511903, "Tr": 0.4708333333333332, "Tr_i": 0.20833333333333304, "Tr_f": 0.6791666666666663, "e_ss_abs": 0.0020508373966106053, "e_ss": 2.0096232906352607, "iste": 2835.951020975648, "mse": 0.0001855842964101226, "Ts_norm": 1.4688013136289, "Os_norm": 1.8164358843813957, "iste_norm": 1.6321782284433832, "Total_ax": 1.6391384754845595}, "z": {"Ts": 1.8875000000000002, "Ys": 1.1581867245441844, "Os": 7.390941175315771, "Tp": 3.9375, "y_max": 1.1813003529284736, "Tr": 0.0, "Tr_i": -5.0, "Tr_f": -5.0, "e_ss_abs": 0.058186724544184276, "e_ss": 5.023950224182048, "iste": 2994.288767233137, "mse": 0.00498100160885339, "Ts_norm": 2.311224489795919, "Os_norm": 54.85170503840783, "iste_norm": 33.87866602516561, "Total_ax": 30.34719851778978}, "r": {"Ts": 14.9375, "Ys": 0.09820425570975348, "Os": 34.6855814634634, "Tp": 0.2666666666666666, "y_max": 0.1346855814634634, "Tr": 0.09999999999999964, "Tr_i": 0.07500000000000018, "Tr_f": 0.17499999999999982, "e_ss_abs": 0.0017957442902465232, "e_ss": 1.8285809278509435, "iste": 4158.985048013422, "mse": 0.0001578161821976646, "Ts_norm": 18.479381443298962, "Os_norm": 15.431523086021242, "iste_norm": 18.460341572693746, "Total_ax": 17.45708203400465}, "Q": 68356.8706499291, "Total": 1.6724384637325937}, "LSTM_2": {"path": "../tmp/LSTM/Dataset_Final_LSTM_1_2.h5", "Stable": true, "x": {"Ts": -1.1041666666666665, "Ys": -4.080277387327313, "Os": 100.0, "Tp": -5.0, "y_max": 0.0, "Tr": 0.2791666666666666, "Tr_i": -4.616666666666666, "Tr_f": -4.3375, "e_ss_abs": 4.180277387327313, "e_ss": 102.45081376846055, "iste": 2013169.712927343, "mse": 16.307886426177337, "Ts_norm": -0.10900863842040312, "Os_norm": 17.281990160745163, "iste_norm": 1166.626188606162, "Total_ax": 394.5997233761623}, "y": {"Ts": -0.00416666666666643, "Ys": 0.2734485312887902, "Os": 1059.1403811296939, "Tp": -3.2041666666666666, "y_max": 1.159140381129694, "Tr": 0.3291666666666667, "Tr_i": -4.5625, "Tr_f": -4.233333333333333, "e_ss_abs": 0.1734485312887902, "e_ss": 63.430046770158164, "iste": 88120.41275040171, "mse": 0.08699369349012344, "Ts_norm": -0.00041050903119866305, "Os_norm": 182.1805545012575, "iste_norm": 50.71604485015731, "Total_ax": 77.6320629474612}, "z": {"Ts": 2.1875, "Ys": 0.013350462646088251, "Os": 9.106376262626267, "Tp": -5.0, "y_max": 0.9998298611111112, "Tr": 0.0, "Tr_i": -5.0, "Tr_f": -5.0, "e_ss_abs": 1.0866495373539118, "e_ss": 8139.414836476138, "iste": 46870.67564394929, "mse": 1.0475057762071003, "Ts_norm": 2.6785714285714293, "Os_norm": 67.58276826699192, "iste_norm": 530.3149061279519, "Total_ax": 200.19208194117175}, "r": {"Ts": 1.9625000000000004, "Ys": -0.4072792306211118, "Os": 3027.803878235475, "Tp": -1.3666666666666667, "y_max": 3.1278038782354756, "Tr": 0.3916666666666667, "Tr_i": -4.775, "Tr_f": -4.383333333333333, "e_ss_abs": 0.5072792306211118, "e_ss": 124.55317936234982, "iste": 259890.84860791208, "mse": 0.6000890605715623, "Ts_norm": 2.4278350515463916, "Os_norm": 1347.061905136359, "iste_norm": 1153.5684263185678, "Total_ax": 834.3527221688244}, "Q": 48285.93876651666, "Total": 394.5997233761623}, "LSTM_3": {"path": "../tmp/LSTM/Dataset_Final_LSTM_2_2.h5", "Stable": false, "x": {"Ts": 14.945833333333333, "Ys": 0.10725526904769792, "Os": 10.516741098238233, "Tp": 3.470833333333333, "y_max": 0.11051674109823824, "Tr": 0.3791666666666673, "Tr_i": 0.30416666666666625, "Tr_f": 0.6833333333333336, "e_ss_abs": 0.00725526904769791, "e_ss": 6.764487294765342, "iste": 2491.890164850803, "mse": 0.00021608250026357076, "Ts_norm": 1.4755244755244754, "Os_norm": 1.8175021618285745, "iste_norm": 1.444043344571215, "Total_ax": 1.579023327308088}, "y": {"Ts": 14.912500000000001, "Ys": 0.1128290175198165, "Os": 15.266253259151611, "Tp": 10.458333333333334, "y_max": 0.11526625325915162, "Tr": 0.44583333333333286, "Tr_i": 0.21250000000000036, "Tr_f": 0.6583333333333332, "e_ss_abs": 0.012829017519816494, "e_ss": 11.37031749617362, "iste": 4517.00684583097, "mse": 0.00022322871258348306, "Ts_norm": 1.4692118226600985, "Os_norm": 2.625916765577749, "iste_norm": 2.5996782655853683, "Total_ax": 2.231602284607739}, "z": {"Ts": 14.695833333333333, "Ys": 0.6354847691766062, "Os": 9.106376262626267, "Tp": -5.0, "y_max": 0.9998298611111112, "Tr": 0.0, "Tr_i": -5.0, "Tr_f": -5.0, "e_ss_abs": 0.46451523082339385, "e_ss": 73.09620204198811, "iste": 20858.30941625297, "mse": 0.1837969937646249, "Ts_norm": 17.994897959183678, "Os_norm": 67.58276826699192, "iste_norm": 235.9998495455001, "Total_ax": 107.19250525722522}, "r": {"Ts": 14.920833333333334, "Ys": 0.16848864129180682, "Os": 88.3486211206575, "Tp": 7.404166666666667, "y_max": 0.1883486211206575, "Tr": 4.841666666666667, "Tr_i": -4.579166666666667, "Tr_f": 0.2625000000000002, "e_ss_abs": 0.06848864129180682, "e_ss": 40.64881808453235, "iste": 24756.619431486357, "mse": 0.0023952269158334775, "Ts_norm": 18.458762886597935, "Os_norm": 39.306066928060005, "iste_norm": 109.88634140647446, "Total_ax": 55.88372374037747}, "Q": 83920.92068459703, "Total": 1.579023327308088}, "LSTM_4": {"path": "../tmp/LSTM/Dataset_Final_LSTM_3.h5", "Stable": false, "x": {"Ts": 14.558333333333334, "Ys": 0.0987865434218273, "Os": 4.616270534297209, "Tp": 1.7249999999999996, "y_max": 0.10461627053429721, "Tr": 0.42916666666666625, "Tr_i": 0.29166666666666696, "Tr_f": 0.7208333333333332, "e_ss_abs": 0.0012134565781727058, "e_ss": 1.2283622203392, "iste": 1232.6050153077929, "mse": 0.0002046379052388019,