{"name": "escal\u00f3n", "ref": {"z": {"trajectory": "step", "params": 0.2}, "x": {"trajectory": "step", "params": 0.2}, "y": {"trajectory": "step", "params": 0.2}, "r": {"trajectory": "step", "params": 0.2}}, "ctrls": {"DSLPID": {"Stable": false, "x": {"Ts": 10.154166666666667, "Ys": 0.20425817378797714, "Os": 6.126054786142754, "Tp": 1.9625000000000004, "y_max": 0.21225210957228552, "Tr": 0.4416666666666673, "Tr_i": 0.28749999999999964, "Tr_f": 0.729166666666667, "e_ss_abs": 0.004258173787977132, "e_ss": 2.0847017815782376, "iste": 1747.847992291921, "mse": 0.0008094960562779858, "Ts_norm": 1.0, "Os_norm": 1.0, "iste_norm": 1.0, "Total_ax": 1.0}, "y": {"Ts": 10.141666666666667, "Ys": 0.20424941701985663, "Os": 6.203778774046404, "Tp": 1.8833333333333337, "y_max": 0.21240755754809282, "Tr": 0.4208333333333334, "Tr_i": 0.2791666666666668, "Tr_f": 0.7000000000000002, "e_ss_abs": 0.004249417019856622, "e_ss": 2.080503867212264, "iste": 1735.4786579324993, "mse": 0.0007828639069984909, "Ts_norm": 1.0, "Os_norm": 1.0, "iste_norm": 1.0, "Total_ax": 1.0}, "z": {"Ts": 1.0374999999999996, "Ys": 1.1897762591455459, "Os": 0.24668967543643266, "Tp": 3.0500000000000007, "y_max": 1.2029602761052371, "Tr": 5.241666666666666, "Tr_i": -5.0, "Tr_f": 0.24166666666666625, "e_ss_abs": 0.0102237408544541, "e_ss": 0.8592994502845788, "iste": 162.44020112655255, "mse": 0.00043298578589607905, "Ts_norm": 1.0, "Os_norm": 1.0, "iste_norm": 1.0, "Total_ax": 1.0}, "r": {"Ts": 1.0708333333333337, "Ys": 0.19817561905269493, "Os": 0.11948132650224652, "Tp": 3.083333333333334, "y_max": 0.2002389626530045, "Tr": 0.3125, "Tr_i": 0.07500000000000018, "Tr_f": 0.3875000000000002, "e_ss_abs": 0.001824380947305082, "e_ss": 0.920587989595218, "iste": 308.0978035293812, "mse": 0.0002245573805674792, "Ts_norm": 1.0, "Os_norm": 1.0, "iste_norm": 1.0, "Total_ax": 1.0}, "Q": 121445.5835536174, "Total": 1.0}, "LSTMCNN": {"path": "../Models/LSTMCNN/Dataset_Final_LSTMCNN_Tuner_4.h5", "Stable": false, "x": {"Ts": 2.6833333333333336, "Ys": 0.20735315213483388, "Os": 10.84590320884947, "Tp": 0.8458333333333332, "y_max": 0.22169180641769895, "Tr": 0.375, "Tr_i": 0.27083333333333304, "Tr_f": 0.645833333333333, "e_ss_abs": 0.007353152134833868, "e_ss": 3.5461974217070944, "iste": 2721.243608274663, "mse": 0.000799768922084919, "Ts_norm": 0.26425933524825607, "Os_norm": 1.7704548175741257, "iste_norm": 1.5569109100307668, "Total_ax": 1.1972083542843825}, "y": {"Ts": 3.604166666666666, "Ys": 0.20573907488635262, "Os": 27.73741297574303, "Tp": 0.8166666666666664, "y_max": 0.2554748259514861, "Tr": 0.29166666666666696, "Tr_i": 0.28749999999999964, "Tr_f": 0.5791666666666666, "e_ss_abs": 0.005739074886352613, "e_ss": 2.789491927832765, "iste": 2375.05685368476, "mse": 0.0008094109352109026, "Ts_norm": 0.3553820870994247, "Os_norm": 4.47105127149003, "iste_norm": 1.368531294135417, "Total_ax": 2.064988217574957}, "z": {"Ts": 1.6875, "Ys": 1.2034000965184568, "Os": 1.3825143319788347, "Tp": 5.2333333333333325, "y_max": 1.216590171983746, "Tr": 5.241666666666666, "Tr_i": -5.0, "Tr_f": 0.24166666666666625, "e_ss_abs": 0.003400096518456852, "e_ss": 0.2825408214851929, "iste": 721.488579671684, "mse": 0.0008158890593961517, "Ts_norm": 1.626506024096386, "Os_norm": 5.604265073246176, "iste_norm": 4.441564185885197, "Total_ax": 3.8907784277425863}, "r": {"Ts": 3.354166666666666, "Ys": 0.15610078204032035, "Os": 9.77374093482032, "Tp": 0.8458333333333332, "y_max": 0.21954748186964065, "Tr": 5.425, "Tr_i": -4.683333333333334, "Tr_f": 0.7416666666666663, "e_ss_abs": 0.04389921795967966, "e_ss": 28.122356202123722, "iste": 9861.283686595003, "mse": 0.0018466396855639927, "Ts_norm": 3.132295719844356, "Os_norm": 81.8014096507085, "iste_norm": 32.00699120094376, "Total_ax": 38.98023219049887}, "Q": 90159.09533098585, "Total": 11.533301797525198}}}