{"name": "escal\u00f3n", "ref": {"z": {"trajectory": "step", "params": 0.1}, "x": {"trajectory": "step", "params": 0.1}, "y": {"trajectory": "step", "params": 0.1}, "r": {"trajectory": "step", "params": 0.1}}, "ctrls": {"DSLPID": {"Stable": false, "x": {"Ts": 10.129166666666666, "Ys": 0.1021212868732652, "Os": 5.786370612983164, "Tp": 1.9625000000000004, "y_max": 0.10578637061298317, "Tr": 0.4791666666666661, "Tr_i": 0.2625000000000002, "Tr_f": 0.7416666666666663, "e_ss_abs": 0.0021212868732651963, "e_ss": 2.0772230141378465, "iste": 1725.6339113496133, "mse": 0.00019282440255068888, "Ts_norm": 1.0, "Os_norm": 1.0, "iste_norm": 1.0, "Total_ax": 1.0}, "y": {"Ts": 10.15, "Ys": 0.1021270802974377, "Os": 5.813685132473253, "Tp": 1.895833333333333, "y_max": 0.10581368513247326, "Tr": 0.4708333333333332, "Tr_i": 0.25833333333333375, "Tr_f": 0.729166666666667, "e_ss_abs": 0.002127080297437689, "e_ss": 2.0827779382732987, "iste": 1737.5253336642709, "mse": 0.00019098805811998477, "Ts_norm": 1.0, "Os_norm": 1.0, "iste_norm": 1.0, "Total_ax": 1.0}, "z": {"Ts": 0.8166666666666664, "Ys": 1.0898190990415275, "Os": 0.1347440552693949, "Tp": 3.020833333333334, "y_max": 1.1014821846079634, "Tr": 0.0, "Tr_i": -5.0, "Tr_f": -5.0, "e_ss_abs": 0.010180900958472572, "e_ss": 0.9341826517287553, "iste": 88.38272336369243, "mse": 0.00010806406760847564, "Ts_norm": 1.0, "Os_norm": 1.0, "iste_norm": 1.0, "Total_ax": 1.0}, "r": {"Ts": 0.8083333333333336, "Ys": 0.10110307143580105, "Os": 2.247709527446684, "Tp": 0.7833333333333332, "y_max": 0.10224770952744669, "Tr": 0.25833333333333286, "Tr_i": 0.05833333333333357, "Tr_f": 0.31666666666666643, "e_ss_abs": 0.0011030714358010452, "e_ss": 1.091036523555547, "iste": 225.2929628434031, "mse": 4.1248985004269354e-05, "Ts_norm": 1.0, "Os_norm": 1.0, "iste_norm": 1.0, "Total_ax": 1.0}, "Q": 70010.55400456727, "Total": 1.0}, "ANN": {"path": "../Models/ANN/Dataset_Final_ANN_9.h5", "Stable": false, "x": {"Ts": 1.875, "Ys": 0.09943540363308126, "Os": 0.0016518033450069192, "Tp": 1.75, "y_max": 0.10000165180334501, "Tr": 0.5625, "Tr_i": 0.24166666666666625, "Tr_f": 0.8041666666666663, "e_ss_abs": 0.0005645963669187459, "e_ss": 0.5678021572699784, "iste": 1316.278547806897, "mse": 0.00018812393801468467, "Ts_norm": 0.18510900863842042, "Os_norm": 0.0002854644915589553, "iste_norm": 0.7627797177313462, "Total_ax": 0.31605806362044186}, "y": {"Ts": 6.425000000000001, "Ys": 0.09722136662071962, "Os": 0.7398979651672133, "Tp": 0.8499999999999996, "y_max": 0.09926010203483279, "Tr": 0.4083333333333332, "Tr_i": 0.27500000000000036, "Tr_f": 0.6833333333333336, "e_ss_abs": 0.0027786333792803874, "e_ss": 2.8580480565762905, "iste": 2373.43415778263, "mse": 0.00020299462060635948, "Ts_norm": 0.6330049261083744, "Os_norm": 0.12726832436012, "iste_norm": 1.365985353881022, "Total_ax": 0.7087528681165055}, "z": {"Ts": 2.033333333333333, "Ys": 1.106304796662005, "Os": 1.8163758235852214, "Tp": 1.3125, "y_max": 1.1199801340594375, "Tr": 0.0, "Tr_i": -5.0, "Tr_f": -5.0, "e_ss_abs": 0.006304796662004897, "e_ss": 0.5698968928841334, "iste": 308.69094359982637, "mse": 0.00022665833599661678, "Ts_norm": 2.4897959183673475, "Os_norm": 13.480192650827721, "iste_norm": 3.492661595519882, "Total_ax": 6.487550054904983}, "r": {"Ts": 14.991666666666667, "Ys": 0.09545187568405934, "Os": 41.64971839058171, "Tp": 13.095833333333335, "y_max": 0.1416497183905817, "Tr": 4.3875, "Tr_i": -4.158333333333333, "Tr_f": 0.22916666666666696, "e_ss_abs": 0.004548124315940663, "e_ss": 4.76483493210203, "iste": 10782.632929007008, "mse": 0.0005798499751457374, "Ts_norm": 18.546391752577314, "Os_norm": 18.529849111728538, "iste_norm": 47.86049592015802, "Total_ax": 28.31224559482129}, "Q": 415630.01630822924, "Total": 0.31605806362044186}, "LSTM": {"path": "../Models/LSTM/Dataset_Final_LSTM_3.h5", "Stable": false, "x": {"Ts": 14.558333333333334, "Ys": 0.0987865434218273, "Os": 4.616270534297209, "Tp": 1.7249999999999996, "y_max": 0.10461627053429721, "Tr": 0.42916666666666625, "Tr_i": 0.29166666666666696, "Tr_f": 0.7208333333333332, "e_ss_abs": 0.0012134565781727058, "e_ss": 1.2283622203392, "iste": 1232.6050153077929, "mse": 0.0002046379052388019, "Ts_norm": 1.4372686137392021, "Os_norm": 0.7977834195306219, "iste_norm": 0.7142911408966088, "Total_ax": 0.9831143913888108}, "y": {"Ts": 14.899999999999999, "Ys": 0.10129684572767678, "Os": 4.898953615552163, "Tp": 13.179166666666667, "y_max": 0.10489895361555217, "Tr": 0.4041666666666668, "Tr_i": 0.2791666666666668, "Tr_f": 0.6833333333333336, "e_ss_abs": 0.0012968457276767709, "e_ss": 1.2802429516543583, "iste": 1742.9801524274935, "mse": 0.0002011199970814141, "Ts_norm": 1.4679802955665022, "Os_norm": 0.8426589166634234, "iste_norm": 1.003139418262017, "Total_ax": 1.1045928768306474}, "z": {"Ts": 14.162500000000001, "Ys": 1.1543696092458169, "Os": 5.634981243982448, "Tp": 3.716666666666667, "y_max": 1.161984793683807, "Tr": 0.0, "Tr_i": -5.0, "Tr_f": -5.0, "e_ss_abs": 0.0543696092458168, "e_ss": 4.709896103496526, "iste": 2159.6156044027102, "mse": 0.002323584445769751, "Ts_norm": 17.341836734693885, "Os_norm": 41.81988758403021, "iste_norm": 24.434816242490655, "Total_ax": 27.865513520404917}, "r": {"Ts": 14.7625, "Ys": 0.11807990141139037, "Os": 25.237712089916236, "Tp": 0.2625000000000002, "y_max": 0.12523771208991624, "Tr": 4.475, "Tr_i": -4.304166666666667, "Tr_f": 0.1708333333333334, "e_ss_abs": 0.01807990141139036, "e_ss": 15.3115824075767, "iste": 5683.196631558989, "mse": 0.00021090961749049565, "Ts_norm": 18.262886597938138, "Os_norm": 11.228191090414319, "iste_norm": 25.22580625613802, "Total_ax": 18.238961314830156}, "Q": 69747.63007828368, "Total": 0.9831143913888108}, "LSTMCNN": {"path": "../Models/LSTMCNN/Dataset_Final_LSTMCNN_Tuner_4.h5", "Stable": false, "x": {"Ts": 1.75, "Ys": 0.10717388671535968, "Os": 8.687823509502952, "Tp": 2.0, "y_max": 0.10868782350950296, "Tr": 0.5708333333333337, "Tr_i": 0.20833333333333304, "Tr_f": 0.7791666666666668, "e_ss_abs": 0.007173886715359679, "e_ss": 6.693689046113086, "iste": 4326.419869865077, "mse": 0.00022347286527545562, "Ts_norm": 0.17276840806252572, "Os_norm": 1.5014288040952053, "iste_norm": 2.5071481508388977, "Total_ax": 1.3937817876655427}, "y": {"Ts": 2.6791666666666663, "Ys": 0.10308580399223106, "Os": 7.322884018701001, "Tp": 1.9333333333333336, "y_max": 0.107322884018701, "Tr": 0.4041666666666659, "Tr_i": 0.27500000000000036, "Tr_f": 0.6791666666666663, "e_ss_abs": 0.0030858039922310593, "e_ss": 2.9934325316642214, "iste": 2412.580564765951, "mse": 0.00019944435201419076, "Ts_norm": 0.26395730706075526, "Os_norm": 1.259594190575936, "iste_norm": 1.388515331559543, "Total_ax": 0.9706889430654115}, "z": {"Ts": 1.4708333333333332, "Ys": 1.1136041119253828, "Os": 2.388430081077172, "Tp": 3.3625000000000007, "y_max": 1.126272730891849, "Tr": 0.0, "Tr_i": -5.0, "Tr_f": -5.0, "e_ss_abs": 0.01360411192538269, "e_ss": 1.2216291031703943, "iste": 1097.2072967029633, "mse": 0.0007141311914966396, "Ts_norm": 1.8010204081632657, "Os_norm": 17.72568056009569, "iste_norm": 12.414273456906118, "Total_ax": 10.646991475055025}, "r": {"Ts": 3.1750000000000007, "Ys": 0.0687624861168085, "Os": 0.26997408423316827, "Tp": 0.5291666666666668, "y_max": 0.09973002591576684, "Tr": 5.25, "Tr_i": -4.775, "Tr_f": 0.47499999999999964, "e_ss_abs": 0.0312375138831915, "e_ss": 45.42813334312488, "iste": 15109.734643500653, "mse": 0.0009673363487687537, "Ts_norm": 3.9278350515463916, "Os_norm": 0.12011075316295383, "iste_norm": 67.06705106454277, "Total_ax": 23.70499895641737}, "Q": 59351.88774638823, "Total": 1.3937817876655427}, "CLSTM": {"path": "../Models/CLSTM/Dataset_Final_CLSTM_Tuner_2_2.h5", "Stable": false, "x": {"Ts": 14.904166666666665, "Ys": 0.1026456320409998, "Os": 7.723351375567705, "Tp": 2.591666666666667, "y_max": 0.10772335137556771, "Tr": 5.708333333333333, "Tr_i": -4.316666666666666, "Tr_f": 1.3916666666666666, "e_ss_abs": 0.0026456320409997958, "e_ss": 2.577442399052158,