{"RPM0": {"mean": 14425.118470255311, "max": 21666.4475, "min": 9440.3, "std": 1264.94798275089}, "Norm_type": "Linear_mean"}